position,canonical_name,direct_source_name,workbook_source_name,direct_team,workbook_team,direct_update_timestamp,workbook_modified_timestamp,direct_standardized_full_ppr_points,workbook_standardized_full_ppr_points,difference_direct_minus_workbook,component_differences_json
QB,Josh Allen,Josh Allen,Josh Allen,BUF,BUF,2026-08-31 15:07:24,2026-08-08T13:32:00Z,359.530,360.862,-1.332,"{""fumbles_lost"":0.0,""interceptions"":0.0,""passing_attempts"":0.4,""passing_completions"":0.3,""passing_touchdowns"":0.1,""passing_yards"":0.7,""rushing_attempts"":0.0,""rushing_touchdowns"":-0.3,""rushing_yards"":0.4}"
QB,Lamar Jackson,Lamar Jackson,Lamar Jackson,BAL,BAL,2026-08-31 15:07:24,2026-08-08T13:32:00Z,314.890,314.772,0.118,"{""fumbles_lost"":0.0,""interceptions"":0.0,""passing_attempts"":0.2,""passing_completions"":0.0,""passing_touchdowns"":0.0,""passing_yards"":1.7,""rushing_attempts"":0.3,""rushing_touchdowns"":0.0,""rushing_yards"":0.5}"
QB,Jayden Daniels,Jayden Daniels,Jayden Daniels,WAS,WAS,2026-08-31 15:07:24,2026-08-08T13:32:00Z,311.420,313.414,-1.994,"{""fumbles_lost"":0.0,""interceptions"":0.0,""passing_attempts"":-2.6,""passing_completions"":-1.7,""passing_touchdowns"":-0.3,""passing_yards"":-20.1,""rushing_attempts"":0.0,""rushing_touchdowns"":0.0,""rushing_yards"":0.1}"
QB,Drake Maye,Drake Maye,Drake Maye,NE,NE,2026-08-31 15:07:24,2026-08-08T13:32:00Z,310.266,316.460,-6.194,"{""fumbles_lost"":0.0,""interceptions"":0.0,""passing_attempts"":-7.8,""passing_completions"":-5.3,""passing_touchdowns"":-0.6,""passing_yards"":-64.1,""rushing_attempts"":-0.9,""rushing_touchdowns"":0.0,""rushing_yards"":-12.3}"
QB,Jalen Hurts,Jalen Hurts,Jalen Hurts,PHI,PHI,2026-08-31 15:07:24,2026-08-08T13:32:00Z,313.170,313.370,-0.200,"{""fumbles_lost"":0.0,""interceptions"":0.0,""passing_attempts"":0.0,""passing_completions"":-0.1,""passing_touchdowns"":0.0,""passing_yards"":-4.5,""rushing_attempts"":0.0,""rushing_touchdowns"":0.0,""rushing_yards"":-0.2}"
QB,Joe Burrow,Joe Burrow,Joe Burrow,CIN,CIN,2026-08-31 15:07:24,2026-08-08T13:32:00Z,299.446,299.292,0.154,"{""fumbles_lost"":0.0,""interceptions"":0.0,""passing_attempts"":1.7,""passing_completions"":1.4,""passing_touchdowns"":0.0,""passing_yards"":5.1,""rushing_attempts"":-0.1,""rushing_touchdowns"":0.0,""rushing_yards"":-0.5}"
QB,Jaxson Dart,Jaxson Dart,Jaxson Dart,NYG,NYG,2026-08-31 15:07:24,2026-08-08T13:32:00Z,298.782,300.056,-1.274,"{""fumbles_lost"":0.0,""interceptions"":-0.1,""passing_attempts"":-1.0,""passing_completions"":-0.8,""passing_touchdowns"":-0.3,""passing_yards"":-6.6,""rushing_attempts"":0.0,""rushing_touchdowns"":0.0,""rushing_yards"":-0.1}"
QB,Trevor Lawrence,Trevor Lawrence,Trevor Lawrence,JAC,JAC,2026-08-31 15:07:24,2026-08-08T13:32:00Z,293.288,290.826,2.462,"{""fumbles_lost"":0.0,""interceptions"":0.0,""passing_attempts"":0.2,""passing_completions"":0.7,""passing_touchdowns"":0.4,""passing_yards"":19.3,""rushing_attempts"":0.0,""rushing_touchdowns"":0.0,""rushing_yards"":0.9}"
QB,Brock Purdy,Brock Purdy,Brock Purdy,SF,SF,2026-08-31 15:07:24,2026-08-08T13:32:00Z,291.396,292.194,-0.798,"{""fumbles_lost"":0.0,""interceptions"":0.0,""passing_attempts"":5.0,""passing_completions"":3.3,""passing_touchdowns"":-0.4,""passing_yards"":34.3,""rushing_attempts"":0.3,""rushing_touchdowns"":-0.1,""rushing_yards"":0.3}"
QB,Dak Prescott,Dak Prescott,Dak Prescott,DAL,DAL,2026-08-31 15:07:24,2026-08-08T13:32:00Z,294.462,294.690,-0.228,"{""fumbles_lost"":0.0,""interceptions"":0.0,""passing_attempts"":-0.8,""passing_completions"":-0.9,""passing_touchdowns"":0.0,""passing_yards"":-5.7,""rushing_attempts"":0.0,""rushing_touchdowns"":0.0,""rushing_yards"":0.0}"
RB,Jahmyr Gibbs,Jahmyr Gibbs,Jahmyr Gibbs,DET,DET,2026-08-31 15:07:21,2026-08-08T13:32:00Z,372.970,372.300,0.670,"{""fumbles_lost"":0.0,""receiving_touchdowns"":0.0,""receiving_yards"":0.5,""receptions"":0.4,""rushing_attempts"":0.7,""rushing_touchdowns"":0.0,""rushing_yards"":2.2}"
RB,Bijan Robinson,Bijan Robinson,Bijan Robinson,ATL,ATL,2026-08-31 15:07:21,2026-08-08T13:32:00Z,356.770,372.170,-15.400,"{""fumbles_lost"":0.0,""receiving_touchdowns"":-0.3,""receiving_yards"":-30.4,""receptions"":-2.7,""rushing_attempts"":-3.8,""rushing_touchdowns"":-0.7,""rushing_yards"":-36.6}"
RB,Christian McCaffrey,Christian McCaffrey,Christian McCaffrey,SF,SF,2026-08-31 15:07:21,2026-08-08T13:32:00Z,334.860,334.770,0.090,"{""fumbles_lost"":0.0,""receiving_touchdowns"":0.0,""receiving_yards"":-1.1,""receptions"":0.2,""rushing_attempts"":0.3,""rushing_touchdowns"":0.0,""rushing_yards"":0.0}"
RB,Jonathan Taylor,Jonathan Taylor,Jonathan Taylor,IND,IND,2026-08-31 15:07:21,2026-08-08T13:32:00Z,310.470,312.860,-2.390,"{""fumbles_lost"":0.0,""receiving_touchdowns"":0.0,""receiving_yards"":2.7,""receptions"":-2.3,""rushing_attempts"":-0.8,""rushing_touchdowns"":0.0,""rushing_yards"":-3.6}"
RB,De'Von Achane,De'Von Achane,De'Von Achane,MIA,MIA,2026-08-31 15:07:21,2026-08-08T13:32:00Z,292.770,292.110,0.660,"{""fumbles_lost"":0.0,""receiving_touchdowns"":0.0,""receiving_yards"":1.1,""receptions"":0.2,""rushing_attempts"":0.5,""rushing_touchdowns"":0.0,""rushing_yards"":3.5}"
RB,Chase Brown,Chase Brown,Chase Brown,CIN,CIN,2026-08-31 15:07:21,2026-08-08T13:32:00Z,279.130,278.940,0.190,"{""fumbles_lost"":0.0,""receiving_touchdowns"":0.1,""receiving_yards"":-0.2,""receptions"":0.0,""rushing_attempts"":-0.7,""rushing_touchdowns"":0.0,""rushing_yards"":-3.9}"
RB,Derrick Henry,Derrick Henry,Derrick Henry,BAL,BAL,2026-08-31 15:07:21,2026-08-08T13:32:00Z,274.520,273.120,1.400,"{""fumbles_lost"":0.0,""receiving_touchdowns"":0.0,""receiving_yards"":2.8,""receptions"":0.3,""rushing_attempts"":2.0,""rushing_touchdowns"":0.0,""rushing_yards"":8.2}"
RB,James Cook III,James Cook III,James Cook III,BUF,BUF,2026-08-31 15:07:21,2026-08-08T13:32:00Z,270.590,270.190,0.400,"{""fumbles_lost"":0.0,""receiving_touchdowns"":0.0,""receiving_yards"":1.8,""receptions"":0.0,""rushing_attempts"":0.5,""rushing_touchdowns"":0.0,""rushing_yards"":2.2}"
RB,Saquon Barkley,Saquon Barkley,Saquon Barkley,PHI,PHI,2026-08-31 15:07:21,2026-08-08T13:32:00Z,264.800,265.910,-1.110,"{""fumbles_lost"":0.0,""receiving_touchdowns"":0.0,""receiving_yards"":0.2,""receptions"":0.1,""rushing_attempts"":-0.1,""rushing_touchdowns"":0.0,""rushing_yards"":-12.3}"
RB,Ashton Jeanty,Ashton Jeanty,Ashton Jeanty,LV,LV,2026-08-31 15:07:21,2026-08-08T13:32:00Z,260.950,276.470,-15.520,"{""fumbles_lost"":0.0,""receiving_touchdowns"":-0.3,""receiving_yards"":-13.6,""receptions"":-2.0,""rushing_attempts"":-23.4,""rushing_touchdowns"":-0.6,""rushing_yards"":-67.6}"
WR,Puka Nacua,Puka Nacua,Puka Nacua,LAR,LAR,2026-08-31 15:07:17,2026-08-08T13:32:00Z,339.200,339.800,-0.600,"{""fumbles_lost"":0.0,""receiving_touchdowns"":0.0,""receiving_yards"":0.0,""receptions"":0.0,""rushing_attempts"":-0.7,""rushing_touchdowns"":-0.1,""rushing_yards"":0.0}"
WR,Ja'Marr Chase,Ja'Marr Chase,Ja'Marr Chase,CIN,CIN,2026-08-31 15:07:17,2026-08-08T13:32:00Z,335.720,336.010,-0.290,"{""fumbles_lost"":0.0,""receiving_touchdowns"":0.0,""receiving_yards"":0.1,""receptions"":-0.3,""rushing_attempts"":0.0,""rushing_touchdowns"":0.0,""rushing_yards"":0.0}"
WR,Jaxon Smith-Njigba,Jaxon Smith-Njigba,Jaxon Smith-Njigba,SEA,SEA,2026-08-31 15:07:17,2026-08-08T13:32:00Z,326.130,324.350,1.780,"{""fumbles_lost"":0.0,""receiving_touchdowns"":0.3,""receiving_yards"":-0.2,""receptions"":0.0,""rushing_attempts"":0.0,""rushing_touchdowns"":0.0,""rushing_yards"":0.0}"
WR,Amon-Ra St. Brown,Amon-Ra St. Brown,Amon-Ra St. Brown,DET,DET,2026-08-31 15:07:17,2026-08-08T13:32:00Z,319.890,319.490,0.400,"{""fumbles_lost"":0.0,""receiving_touchdowns"":0.0,""receiving_yards"":0.0,""receptions"":0.4,""rushing_attempts"":0.0,""rushing_touchdowns"":0.0,""rushing_yards"":0.0}"
WR,Drake London,Drake London,Drake London,ATL,ATL,2026-08-31 15:07:17,2026-08-08T13:32:00Z,276.490,288.920,-12.430,"{""fumbles_lost"":0.0,""receiving_touchdowns"":-0.6,""receiving_yards"":-55.3,""receptions"":-3.3,""rushing_attempts"":0.0,""rushing_touchdowns"":0.0,""rushing_yards"":0.0}"
WR,CeeDee Lamb,CeeDee Lamb,CeeDee Lamb,DAL,DAL,2026-08-31 15:07:17,2026-08-08T13:32:00Z,272.300,272.550,-0.250,"{""fumbles_lost"":0.0,""receiving_touchdowns"":0.0,""receiving_yards"":-1.6,""receptions"":-0.1,""rushing_attempts"":0.0,""rushing_touchdowns"":0.0,""rushing_yards"":0.1}"
WR,Justin Jefferson,Justin Jefferson,Justin Jefferson,MIN,MIN,2026-08-31 15:07:17,2026-08-08T13:32:00Z,270.640,269.570,1.070,"{""fumbles_lost"":0.0,""receiving_touchdowns"":0.0,""receiving_yards"":8.6,""receptions"":0.2,""rushing_attempts"":0.0,""rushing_touchdowns"":0.0,""rushing_yards"":0.1}"
WR,Rashee Rice,Rashee Rice,Rashee Rice,KC,KC,2026-08-31 15:07:17,2026-08-08T13:32:00Z,267.810,273.650,-5.840,"{""fumbles_lost"":0.0,""receiving_touchdowns"":-0.1,""receiving_yards"":-29.8,""receptions"":-2.3,""rushing_attempts"":0.4,""rushing_touchdowns"":0.0,""rushing_yards"":0.4}"
WR,Chris Olave,Chris Olave,Chris Olave,NO,NO,2026-08-31 15:07:17,2026-08-08T13:32:00Z,261.970,257.750,4.220,"{""fumbles_lost"":0.0,""receiving_touchdowns"":0.1,""receiving_yards"":23.2,""receptions"":1.3,""rushing_attempts"":0.0,""rushing_touchdowns"":0.0,""rushing_yards"":0.0}"
WR,A.J. Brown,A.J. Brown,A.J. Brown,NE,NE,2026-08-31 15:07:17,2026-08-08T13:32:00Z,256.460,257.140,-0.680,"{""fumbles_lost"":0.0,""receiving_touchdowns"":0.1,""receiving_yards"":-1.8,""receptions"":-1.1,""rushing_attempts"":0.0,""rushing_touchdowns"":0.0,""rushing_yards"":0.0}"
TE,Trey McBride,Trey McBride,Trey McBride,ARI,ARI,2026-08-31 15:07:14,2026-08-08T13:32:00Z,256.160,254.500,1.660,"{""fumbles_lost"":0.0,""receiving_touchdowns"":0.0,""receiving_yards"":17.6,""receptions"":-0.1}"
TE,Brock Bowers,Brock Bowers,Brock Bowers,LV,LV,2026-08-31 15:07:14,2026-08-08T13:32:00Z,243.480,243.630,-0.150,"{""fumbles_lost"":0.0,""receiving_touchdowns"":0.0,""receiving_yards"":-2.5,""receptions"":0.1}"
TE,Colston Loveland,Colston Loveland,Colston Loveland,CHI,CHI,2026-08-31 15:07:14,2026-08-08T13:32:00Z,211.930,209.530,2.400,"{""fumbles_lost"":0.0,""receiving_touchdowns"":0.0,""receiving_yards"":12.0,""receptions"":1.2}"
TE,Tyler Warren,Tyler Warren,Tyler Warren,IND,IND,2026-08-31 15:07:14,2026-08-08T13:32:00Z,199.070,201.960,-2.890,"{""fumbles_lost"":0.0,""receiving_touchdowns"":0.1,""receiving_yards"":6.1,""receptions"":-4.1}"
TE,Harold Fannin Jr.,Harold Fannin Jr.,Harold Fannin Jr.,CLE,CLE,2026-08-31 15:07:14,2026-08-08T13:32:00Z,198.630,188.610,10.020,"{""fumbles_lost"":0.0,""receiving_touchdowns"":0.3,""receiving_yards"":33.2,""receptions"":4.9}"
TE,George Kittle,George Kittle,George Kittle,SF,SF,2026-08-31 15:07:14,2026-08-08T13:32:00Z,188.890,170.920,17.970,"{""fumbles_lost"":0.0,""receiving_touchdowns"":0.9,""receiving_yards"":64.7,""receptions"":6.1}"
TE,Kyle Pitts Sr.,Kyle Pitts Sr.,Kyle Pitts Sr.,ATL,ATL,2026-08-31 15:07:14,2026-08-08T13:32:00Z,187.920,195.600,-7.680,"{""fumbles_lost"":0.0,""receiving_touchdowns"":-0.3,""receiving_yards"":-35.8,""receptions"":-2.3}"
TE,Sam LaPorta,Sam LaPorta,Sam LaPorta,DET,DET,2026-08-31 15:07:14,2026-08-08T13:32:00Z,184.470,183.700,0.770,"{""fumbles_lost"":0.0,""receiving_touchdowns"":0.0,""receiving_yards"":3.7,""receptions"":0.4}"
TE,Travis Kelce,Travis Kelce,Travis Kelce,KC,KC,2026-08-31 15:07:14,2026-08-08T13:32:00Z,181.580,181.550,0.030,"{""fumbles_lost"":0.0,""receiving_touchdowns"":0.0,""receiving_yards"":0.3,""receptions"":0.0}"
TE,Dallas Goedert,Dallas Goedert,Dallas Goedert,PHI,PHI,2026-08-31 15:07:14,2026-08-08T13:32:00Z,179.710,179.620,0.090,"{""fumbles_lost"":0.0,""receiving_touchdowns"":0.0,""receiving_yards"":0.9,""receptions"":0.0}"
