unmatched_scope,draft_command_id,board_order,canonical_name,team,position,source_name,reason,top_board_gap
DRAFT_COMMAND_MISSING_FROM_CANONICAL_SOURCE,143,143,Keenan Allen,IND,WR,,no normalized name + position row in preserved workbook,YES
CANONICAL_SOURCE_OUTSIDE_DRAFT_COMMAND_UNIVERSE,,,Geno Smith,NYJ,QB,Geno Smith,valid source projection outside current 200-player skill-position board,NO
CANONICAL_SOURCE_OUTSIDE_DRAFT_COMMAND_UNIVERSE,,,Aaron Rodgers,PIT,QB,Aaron Rodgers,valid source projection outside current 200-player skill-position board,NO
CANONICAL_SOURCE_OUTSIDE_DRAFT_COMMAND_UNIVERSE,,,Fernando Mendoza,LV,QB,Fernando Mendoza,valid source projection outside current 200-player skill-position board,NO
CANONICAL_SOURCE_OUTSIDE_DRAFT_COMMAND_UNIVERSE,,,Tua Tagovailoa,ATL,QB,Tua Tagovailoa,valid source projection outside current 200-player skill-position board,NO
CANONICAL_SOURCE_OUTSIDE_DRAFT_COMMAND_UNIVERSE,,,Deshaun Watson,CLE,QB,Deshaun Watson,valid source projection outside current 200-player skill-position board,NO
CANONICAL_SOURCE_OUTSIDE_DRAFT_COMMAND_UNIVERSE,,,Shedeur Sanders,CLE,QB,Shedeur Sanders,valid source projection outside current 200-player skill-position board,NO
CANONICAL_SOURCE_OUTSIDE_DRAFT_COMMAND_UNIVERSE,,,Michael Penix Jr.,ATL,QB,Michael Penix Jr.,valid source projection outside current 200-player skill-position board,NO
CANONICAL_SOURCE_OUTSIDE_DRAFT_COMMAND_UNIVERSE,,,Kirk Cousins,LV,QB,Kirk Cousins,valid source projection outside current 200-player skill-position board,NO
CANONICAL_SOURCE_OUTSIDE_DRAFT_COMMAND_UNIVERSE,,,Ty Simpson,LAR,QB,Ty Simpson,valid source projection outside current 200-player skill-position board,NO
CANONICAL_SOURCE_OUTSIDE_DRAFT_COMMAND_UNIVERSE,,,Carson Beck,ARI,QB,Carson Beck,valid source projection outside current 200-player skill-position board,NO
CANONICAL_SOURCE_OUTSIDE_DRAFT_COMMAND_UNIVERSE,,,J.J. McCarthy,MIN,QB,J.J. McCarthy,valid source projection outside current 200-player skill-position board,NO
CANONICAL_SOURCE_OUTSIDE_DRAFT_COMMAND_UNIVERSE,,,Anthony Richardson Sr.,IND,QB,Anthony Richardson Sr.,valid source projection outside current 200-player skill-position board,NO
CANONICAL_SOURCE_OUTSIDE_DRAFT_COMMAND_UNIVERSE,,,Marcus Mariota,WAS,QB,Marcus Mariota,valid source projection outside current 200-player skill-position board,NO
CANONICAL_SOURCE_OUTSIDE_DRAFT_COMMAND_UNIVERSE,,,Riley Leonard,IND,QB,Riley Leonard,valid source projection outside current 200-player skill-position board,NO
CANONICAL_SOURCE_OUTSIDE_DRAFT_COMMAND_UNIVERSE,,,Davis Mills,HOU,QB,Davis Mills,valid source projection outside current 200-player skill-position board,NO
CANONICAL_SOURCE_OUTSIDE_DRAFT_COMMAND_UNIVERSE,,,Joe Milton III,DAL,QB,Joe Milton III,valid source projection outside current 200-player skill-position board,NO
CANONICAL_SOURCE_OUTSIDE_DRAFT_COMMAND_UNIVERSE,,,Justin Fields,KC,QB,Justin Fields,valid source projection outside current 200-player skill-position board,NO
CANONICAL_SOURCE_OUTSIDE_DRAFT_COMMAND_UNIVERSE,,,Shane Buechele,BUF,QB,Shane Buechele,valid source projection outside current 200-player skill-position board,NO
CANONICAL_SOURCE_OUTSIDE_DRAFT_COMMAND_UNIVERSE,,,Jameis Winston,NYG,QB,Jameis Winston,valid source projection outside current 200-player skill-position board,NO
CANONICAL_SOURCE_OUTSIDE_DRAFT_COMMAND_UNIVERSE,,,Kenny Pickett,CAR,QB,Kenny Pickett,valid source projection outside current 200-player skill-position board,NO
CANONICAL_SOURCE_OUTSIDE_DRAFT_COMMAND_UNIVERSE,,,Quinn Ewers,MIA,QB,Quinn Ewers,valid source projection outside current 200-player skill-position board,NO
CANONICAL_SOURCE_OUTSIDE_DRAFT_COMMAND_UNIVERSE,,,Tyson Bagent,CHI,QB,Tyson Bagent,valid source projection outside current 200-player skill-position board,NO
CANONICAL_SOURCE_OUTSIDE_DRAFT_COMMAND_UNIVERSE,,,Will Levis,TEN,QB,Will Levis,valid source projection outside current 200-player skill-position board,NO
CANONICAL_SOURCE_OUTSIDE_DRAFT_COMMAND_UNIVERSE,,,Jake Browning,TB,QB,Jake Browning,valid source projection outside current 200-player skill-position board,NO
CANONICAL_SOURCE_OUTSIDE_DRAFT_COMMAND_UNIVERSE,,,Jarrett Stidham,DEN,QB,Jarrett Stidham,valid source projection outside current 200-player skill-position board,NO
CANONICAL_SOURCE_OUTSIDE_DRAFT_COMMAND_UNIVERSE,,,Teddy Bridgewater,DET,QB,Teddy Bridgewater,valid source projection outside current 200-player skill-position board,NO
CANONICAL_SOURCE_OUTSIDE_DRAFT_COMMAND_UNIVERSE,,,Tyrod Taylor,GB,QB,Tyrod Taylor,valid source projection outside current 200-player skill-position board,NO
CANONICAL_SOURCE_OUTSIDE_DRAFT_COMMAND_UNIVERSE,,,Tommy DeVito,NE,QB,Tommy DeVito,valid source projection outside current 200-player skill-position board,NO
CANONICAL_SOURCE_OUTSIDE_DRAFT_COMMAND_UNIVERSE,,,Tyler Huntley,BAL,QB,Tyler Huntley,valid source projection outside current 200-player skill-position board,NO
CANONICAL_SOURCE_OUTSIDE_DRAFT_COMMAND_UNIVERSE,,,Mac Jones,SF,QB,Mac Jones,valid source projection outside current 200-player skill-position board,NO
CANONICAL_SOURCE_OUTSIDE_DRAFT_COMMAND_UNIVERSE,,,Trey Lance,LAC,QB,Trey Lance,valid source projection outside current 200-player skill-position board,NO
CANONICAL_SOURCE_OUTSIDE_DRAFT_COMMAND_UNIVERSE,,,Tanner McKee,PHI,QB,Tanner McKee,valid source projection outside current 200-player skill-position board,NO
CANONICAL_SOURCE_OUTSIDE_DRAFT_COMMAND_UNIVERSE,,,Joe Flacco,CIN,QB,Joe Flacco,valid source projection outside current 200-player skill-position board,NO
CANONICAL_SOURCE_OUTSIDE_DRAFT_COMMAND_UNIVERSE,,,Mason Rudolph,PIT,QB,Mason Rudolph,valid source projection outside current 200-player skill-position board,NO
CANONICAL_SOURCE_OUTSIDE_DRAFT_COMMAND_UNIVERSE,,,Spencer Rattler,NO,QB,Spencer Rattler,valid source projection outside current 200-player skill-position board,NO
CANONICAL_SOURCE_OUTSIDE_DRAFT_COMMAND_UNIVERSE,,,Drew Lock,SEA,QB,Drew Lock,valid source projection outside current 200-player skill-position board,NO
CANONICAL_SOURCE_OUTSIDE_DRAFT_COMMAND_UNIVERSE,,,Andy Dalton,PHI,QB,Andy Dalton,valid source projection outside current 200-player skill-position board,NO
CANONICAL_SOURCE_OUTSIDE_DRAFT_COMMAND_UNIVERSE,,,Behren Morton,NE,QB,Behren Morton,valid source projection outside current 200-player skill-position board,NO
CANONICAL_SOURCE_OUTSIDE_DRAFT_COMMAND_UNIVERSE,,,Nick Mullens,JAC,QB,Nick Mullens,valid source projection outside current 200-player skill-position board,NO
CANONICAL_SOURCE_OUTSIDE_DRAFT_COMMAND_UNIVERSE,,,Chris Oladokun,KC,QB,Chris Oladokun,valid source projection outside current 200-player skill-position board,NO
CANONICAL_SOURCE_OUTSIDE_DRAFT_COMMAND_UNIVERSE,,,Gardner Minshew II,ARI,QB,Gardner Minshew II,valid source projection outside current 200-player skill-position board,NO
CANONICAL_SOURCE_OUTSIDE_DRAFT_COMMAND_UNIVERSE,,,Cade Klubnik,NYJ,QB,Cade Klubnik,valid source projection outside current 200-player skill-position board,NO
CANONICAL_SOURCE_OUTSIDE_DRAFT_COMMAND_UNIVERSE,,,Adrian Martinez,SF,QB,Adrian Martinez,valid source projection outside current 200-player skill-position board,NO
CANONICAL_SOURCE_OUTSIDE_DRAFT_COMMAND_UNIVERSE,,,Garrett Nussmeier,KC,QB,Garrett Nussmeier,valid source projection outside current 200-player skill-position board,NO
CANONICAL_SOURCE_OUTSIDE_DRAFT_COMMAND_UNIVERSE,,,Cole Payton,PHI,QB,Cole Payton,valid source projection outside current 200-player skill-position board,NO
CANONICAL_SOURCE_OUTSIDE_DRAFT_COMMAND_UNIVERSE,,,Kyle Allen,BUF,QB,Kyle Allen,valid source projection outside current 200-player skill-position board,NO
CANONICAL_SOURCE_OUTSIDE_DRAFT_COMMAND_UNIVERSE,,,Mitchell Trubisky,TEN,QB,Mitchell Trubisky,valid source projection outside current 200-player skill-position board,NO
CANONICAL_SOURCE_OUTSIDE_DRAFT_COMMAND_UNIVERSE,,,Jalen Milroe,SEA,QB,Jalen Milroe,valid source projection outside current 200-player skill-position board,NO
CANONICAL_SOURCE_OUTSIDE_DRAFT_COMMAND_UNIVERSE,,,Drew Allar,PIT,QB,Drew Allar,valid source projection outside current 200-player skill-position board,NO
CANONICAL_SOURCE_OUTSIDE_DRAFT_COMMAND_UNIVERSE,,,Will Howard,PIT,QB,Will Howard,valid source projection outside current 200-player skill-position board,NO
CANONICAL_SOURCE_OUTSIDE_DRAFT_COMMAND_UNIVERSE,,,Brady Cook,NYJ,QB,Brady Cook,valid source projection outside current 200-player skill-position board,NO
CANONICAL_SOURCE_OUTSIDE_DRAFT_COMMAND_UNIVERSE,,,Josh Johnson,CIN,QB,Josh Johnson,valid source projection outside current 200-player skill-position board,NO
CANONICAL_SOURCE_OUTSIDE_DRAFT_COMMAND_UNIVERSE,,,Stetson Bennett IV,LAR,QB,Stetson Bennett IV,valid source projection outside current 200-player skill-position board,NO
CANONICAL_SOURCE_OUTSIDE_DRAFT_COMMAND_UNIVERSE,,,Aidan O'Connell,LV,QB,Aidan O'Connell,valid source projection outside current 200-player skill-position board,NO
CANONICAL_SOURCE_OUTSIDE_DRAFT_COMMAND_UNIVERSE,,,Samaje Perine,CIN,RB,Samaje Perine,valid source projection outside current 200-player skill-position board,NO
CANONICAL_SOURCE_OUTSIDE_DRAFT_COMMAND_UNIVERSE,,,AJ Dillon,CAR,RB,AJ Dillon,valid source projection outside current 200-player skill-position board,NO
CANONICAL_SOURCE_OUTSIDE_DRAFT_COMMAND_UNIVERSE,,,Ty Johnson,BUF,RB,Ty Johnson,valid source projection outside current 200-player skill-position board,NO
CANONICAL_SOURCE_OUTSIDE_DRAFT_COMMAND_UNIVERSE,,,Jordan James,SF,RB,Jordan James,valid source projection outside current 200-player skill-position board,NO
CANONICAL_SOURCE_OUTSIDE_DRAFT_COMMAND_UNIVERSE,,,Emari Demercado,KC,RB,Emari Demercado,valid source projection outside current 200-player skill-position board,NO
CANONICAL_SOURCE_OUTSIDE_DRAFT_COMMAND_UNIVERSE,,,Malik Davis,DAL,RB,Malik Davis,valid source projection outside current 200-player skill-position board,NO
CANONICAL_SOURCE_OUTSIDE_DRAFT_COMMAND_UNIVERSE,,,Adam Randall,BAL,RB,Adam Randall,valid source projection outside current 200-player skill-position board,NO
CANONICAL_SOURCE_OUTSIDE_DRAFT_COMMAND_UNIVERSE,,,Chris Brooks,GB,RB,Chris Brooks,valid source projection outside current 200-player skill-position board,NO
CANONICAL_SOURCE_OUTSIDE_DRAFT_COMMAND_UNIVERSE,,,Kimani Vidal,LAC,RB,Kimani Vidal,valid source projection outside current 200-player skill-position board,NO
CANONICAL_SOURCE_OUTSIDE_DRAFT_COMMAND_UNIVERSE,,,James Conner,ARI,RB,James Conner,valid source projection outside current 200-player skill-position board,NO
CANONICAL_SOURCE_OUTSIDE_DRAFT_COMMAND_UNIVERSE,,,Emanuel Wilson,SEA,RB,Emanuel Wilson,valid source projection outside current 200-player skill-position board,NO
CANONICAL_SOURCE_OUTSIDE_DRAFT_COMMAND_UNIVERSE,,,Jaylen Wright,MIA,RB,Jaylen Wright,valid source projection outside current 200-player skill-position board,NO
CANONICAL_SOURCE_OUTSIDE_DRAFT_COMMAND_UNIVERSE,,,Jawhar Jordan,HOU,RB,Jawhar Jordan,valid source projection outside current 200-player skill-position board,NO
CANONICAL_SOURCE_OUTSIDE_DRAFT_COMMAND_UNIVERSE,,,Kyle Juszczyk,SF,RB,Kyle Juszczyk,valid source projection outside current 200-player skill-position board,NO
CANONICAL_SOURCE_OUTSIDE_DRAFT_COMMAND_UNIVERSE,,,Isaiah Davis,NYJ,RB,Isaiah Davis,valid source projection outside current 200-player skill-position board,NO
CANONICAL_SOURCE_OUTSIDE_DRAFT_COMMAND_UNIVERSE,,,George Holani,SEA,RB,George Holani,valid source projection outside current 200-player skill-position board,NO
CANONICAL_SOURCE_OUTSIDE_DRAFT_COMMAND_UNIVERSE,,,LeQuint Allen Jr.,JAC,RB,LeQuint Allen Jr.,valid source projection outside current 200-player skill-position board,NO
CANONICAL_SOURCE_OUTSIDE_DRAFT_COMMAND_UNIVERSE,,,Sean Tucker,TB,RB,Sean Tucker,valid source projection outside current 200-player skill-position board,NO
CANONICAL_SOURCE_OUTSIDE_DRAFT_COMMAND_UNIVERSE,,,Frank Gore Jr.,BUF,RB,Frank Gore Jr.,valid source projection outside current 200-player skill-position board,NO
CANONICAL_SOURCE_OUTSIDE_DRAFT_COMMAND_UNIVERSE,,,Roschon Johnson,CHI,RB,Roschon Johnson,valid source projection outside current 200-player skill-position board,NO
CANONICAL_SOURCE_OUTSIDE_DRAFT_COMMAND_UNIVERSE,,,DJ Giddens,IND,RB,DJ Giddens,valid source projection outside current 200-player skill-position board,NO
CANONICAL_SOURCE_OUTSIDE_DRAFT_COMMAND_UNIVERSE,,,Ty Chandler,NO,RB,Ty Chandler,valid source projection outside current 200-player skill-position board,NO
CANONICAL_SOURCE_OUTSIDE_DRAFT_COMMAND_UNIVERSE,,,Brashard Smith,KC,RB,Brashard Smith,valid source projection outside current 200-player skill-position board,NO
CANONICAL_SOURCE_OUTSIDE_DRAFT_COMMAND_UNIVERSE,,,Phil Mafah,DAL,RB,Phil Mafah,valid source projection outside current 200-player skill-position board,NO
CANONICAL_SOURCE_OUTSIDE_DRAFT_COMMAND_UNIVERSE,,,Elijah Mitchell,PHI,RB,Elijah Mitchell,valid source projection outside current 200-player skill-position board,NO
CANONICAL_SOURCE_OUTSIDE_DRAFT_COMMAND_UNIVERSE,,,Jam Miller,NE,RB,Jam Miller,valid source projection outside current 200-player skill-position board,NO
CANONICAL_SOURCE_OUTSIDE_DRAFT_COMMAND_UNIVERSE,,,Jeremy McNichols,WAS,RB,Jeremy McNichols,valid source projection outside current 200-player skill-position board,NO
CANONICAL_SOURCE_OUTSIDE_DRAFT_COMMAND_UNIVERSE,,,Salvon Ahmed,CHI,RB,Salvon Ahmed,valid source projection outside current 200-player skill-position board,NO
CANONICAL_SOURCE_OUTSIDE_DRAFT_COMMAND_UNIVERSE,,,Israel Abanikanda,DAL,RB,Israel Abanikanda,valid source projection outside current 200-player skill-position board,NO
CANONICAL_SOURCE_OUTSIDE_DRAFT_COMMAND_UNIVERSE,,,Dameon Pierce,PHI,RB,Dameon Pierce,valid source projection outside current 200-player skill-position board,NO
CANONICAL_SOURCE_OUTSIDE_DRAFT_COMMAND_UNIVERSE,,,Audric Estime,NO,RB,Audric Estime,valid source projection outside current 200-player skill-position board,NO
CANONICAL_SOURCE_OUTSIDE_DRAFT_COMMAND_UNIVERSE,,,Demond Claiborne,MIN,RB,Demond Claiborne,valid source projection outside current 200-player skill-position board,NO
CANONICAL_SOURCE_OUTSIDE_DRAFT_COMMAND_UNIVERSE,,,Donovan Edwards,MIA,RB,Donovan Edwards,valid source projection outside current 200-player skill-position board,NO
CANONICAL_SOURCE_OUTSIDE_DRAFT_COMMAND_UNIVERSE,,,Will Shipley,PHI,RB,Will Shipley,valid source projection outside current 200-player skill-position board,NO
CANONICAL_SOURCE_OUTSIDE_DRAFT_COMMAND_UNIVERSE,,,Seth McGowan,IND,RB,Seth McGowan,valid source projection outside current 200-player skill-position board,NO
CANONICAL_SOURCE_OUTSIDE_DRAFT_COMMAND_UNIVERSE,,,Najee Harris,LAC,RB,Najee Harris,valid source projection outside current 200-player skill-position board,NO
CANONICAL_SOURCE_OUTSIDE_DRAFT_COMMAND_UNIVERSE,,,Hunter Luepke,DAL,RB,Hunter Luepke,valid source projection outside current 200-player skill-position board,NO
CANONICAL_SOURCE_OUTSIDE_DRAFT_COMMAND_UNIVERSE,,,Tahj Brooks,CIN,RB,Tahj Brooks,valid source projection outside current 200-player skill-position board,NO
CANONICAL_SOURCE_OUTSIDE_DRAFT_COMMAND_UNIVERSE,,,Devin Neal,NO,RB,Devin Neal,valid source projection outside current 200-player skill-position board,NO
CANONICAL_SOURCE_OUTSIDE_DRAFT_COMMAND_UNIVERSE,,,Devin Singletary,NYG,RB,Devin Singletary,valid source projection outside current 200-player skill-position board,NO
CANONICAL_SOURCE_OUTSIDE_DRAFT_COMMAND_UNIVERSE,,,Jerome Ford,WAS,RB,Jerome Ford,valid source projection outside current 200-player skill-position board,NO
CANONICAL_SOURCE_OUTSIDE_DRAFT_COMMAND_UNIVERSE,,,Tyler Badie,DEN,RB,Tyler Badie,valid source projection outside current 200-player skill-position board,NO
CANONICAL_SOURCE_OUTSIDE_DRAFT_COMMAND_UNIVERSE,,,Isaac Guerendo,SF,RB,Isaac Guerendo,valid source projection outside current 200-player skill-position board,NO
CANONICAL_SOURCE_OUTSIDE_DRAFT_COMMAND_UNIVERSE,,,Michael Burton,CLE,RB,Michael Burton,valid source projection outside current 200-player skill-position board,NO
CANONICAL_SOURCE_OUTSIDE_DRAFT_COMMAND_UNIVERSE,,,Trevor Etienne,CAR,RB,Trevor Etienne,valid source projection outside current 200-player skill-position board,NO
CANONICAL_SOURCE_OUTSIDE_DRAFT_COMMAND_UNIVERSE,,,Andrew Beck,NYJ,RB,Andrew Beck,valid source projection outside current 200-player skill-position board,NO
CANONICAL_SOURCE_OUTSIDE_DRAFT_COMMAND_UNIVERSE,,,Alec Ingold,LAC,RB,Alec Ingold,valid source projection outside current 200-player skill-position board,NO
CANONICAL_SOURCE_OUTSIDE_DRAFT_COMMAND_UNIVERSE,,,Adam Prentice,DEN,RB,Adam Prentice,valid source projection outside current 200-player skill-position board,NO
CANONICAL_SOURCE_OUTSIDE_DRAFT_COMMAND_UNIVERSE,,,Connor Heyward,LV,RB,Connor Heyward,valid source projection outside current 200-player skill-position board,NO
CANONICAL_SOURCE_OUTSIDE_DRAFT_COMMAND_UNIVERSE,,,Max Bredeson,MIN,RB,Max Bredeson,valid source projection outside current 200-player skill-position board,NO
CANONICAL_SOURCE_OUTSIDE_DRAFT_COMMAND_UNIVERSE,,,Kendre Miller,NO,RB,Kendre Miller,valid source projection outside current 200-player skill-position board,NO
CANONICAL_SOURCE_OUTSIDE_DRAFT_COMMAND_UNIVERSE,,,Riley Nowakowski,PIT,RB,Riley Nowakowski,valid source projection outside current 200-player skill-position board,NO
CANONICAL_SOURCE_OUTSIDE_DRAFT_COMMAND_UNIVERSE,,,Reggie Gilliam,NE,RB,Reggie Gilliam,valid source projection outside current 200-player skill-position board,NO
CANONICAL_SOURCE_OUTSIDE_DRAFT_COMMAND_UNIVERSE,,,Patrick Ricard,NYG,RB,Patrick Ricard,valid source projection outside current 200-player skill-position board,NO
CANONICAL_SOURCE_OUTSIDE_DRAFT_COMMAND_UNIVERSE,,,Kaleb Johnson,PIT,RB,Kaleb Johnson,valid source projection outside current 200-player skill-position board,NO
CANONICAL_SOURCE_OUTSIDE_DRAFT_COMMAND_UNIVERSE,,,British Brooks,HOU,RB,British Brooks,valid source projection outside current 200-player skill-position board,NO
CANONICAL_SOURCE_OUTSIDE_DRAFT_COMMAND_UNIVERSE,,,DeeJay Dallas,JAC,RB,DeeJay Dallas,valid source projection outside current 200-player skill-position board,NO
CANONICAL_SOURCE_OUTSIDE_DRAFT_COMMAND_UNIVERSE,,,Kene Nwangwu,NYJ,RB,Kene Nwangwu,valid source projection outside current 200-player skill-position board,NO
CANONICAL_SOURCE_OUTSIDE_DRAFT_COMMAND_UNIVERSE,,,Bam Knight,ARI,RB,Bam Knight,valid source projection outside current 200-player skill-position board,NO
CANONICAL_SOURCE_OUTSIDE_DRAFT_COMMAND_UNIVERSE,,,Trey Benson,ARI,RB,Trey Benson,valid source projection outside current 200-player skill-position board,NO
CANONICAL_SOURCE_OUTSIDE_DRAFT_COMMAND_UNIVERSE,,,Jacob Saylors,DET,RB,Jacob Saylors,valid source projection outside current 200-player skill-position board,NO
CANONICAL_SOURCE_OUTSIDE_DRAFT_COMMAND_UNIVERSE,,,Zavier Scott,MIN,RB,Zavier Scott,valid source projection outside current 200-player skill-position board,NO
CANONICAL_SOURCE_OUTSIDE_DRAFT_COMMAND_UNIVERSE,,,Rasheen Ali,BAL,RB,Rasheen Ali,valid source projection outside current 200-player skill-position board,NO
CANONICAL_SOURCE_OUTSIDE_DRAFT_COMMAND_UNIVERSE,,,Dylan Laube,LV,RB,Dylan Laube,valid source projection outside current 200-player skill-position board,NO
CANONICAL_SOURCE_OUTSIDE_DRAFT_COMMAND_UNIVERSE,,,Chris Collier,LV,RB,Chris Collier,valid source projection outside current 200-player skill-position board,NO
CANONICAL_SOURCE_OUTSIDE_DRAFT_COMMAND_UNIVERSE,,,Josh Williams,TB,RB,Josh Williams,valid source projection outside current 200-player skill-position board,NO
CANONICAL_SOURCE_OUTSIDE_DRAFT_COMMAND_UNIVERSE,,,John Metchie III,CAR,WR,John Metchie III,valid source projection outside current 200-player skill-position board,NO
CANONICAL_SOURCE_OUTSIDE_DRAFT_COMMAND_UNIVERSE,,,Theo Wease Jr.,MIA,WR,Theo Wease Jr.,valid source projection outside current 200-player skill-position board,NO
CANONICAL_SOURCE_OUTSIDE_DRAFT_COMMAND_UNIVERSE,,,Jayden Higgins,HOU,WR,Jayden Higgins,valid source projection outside current 200-player skill-position board,NO
CANONICAL_SOURCE_OUTSIDE_DRAFT_COMMAND_UNIVERSE,,,Antonio Williams,WAS,WR,Antonio Williams,valid source projection outside current 200-player skill-position board,NO
CANONICAL_SOURCE_OUTSIDE_DRAFT_COMMAND_UNIVERSE,,,Cooper Kupp,SEA,WR,Cooper Kupp,valid source projection outside current 200-player skill-position board,NO
CANONICAL_SOURCE_OUTSIDE_DRAFT_COMMAND_UNIVERSE,,,Germie Bernard,PIT,WR,Germie Bernard,valid source projection outside current 200-player skill-position board,NO
CANONICAL_SOURCE_OUTSIDE_DRAFT_COMMAND_UNIVERSE,,,Xavier Legette,CAR,WR,Xavier Legette,valid source projection outside current 200-player skill-position board,NO
CANONICAL_SOURCE_OUTSIDE_DRAFT_COMMAND_UNIVERSE,,,Darnell Mooney,NYG,WR,Darnell Mooney,valid source projection outside current 200-player skill-position board,NO
CANONICAL_SOURCE_OUTSIDE_DRAFT_COMMAND_UNIVERSE,,,Bub Means,NO,WR,Bub Means,valid source projection outside current 200-player skill-position board,NO
CANONICAL_SOURCE_OUTSIDE_DRAFT_COMMAND_UNIVERSE,,,Darius Slayton,NYG,WR,Darius Slayton,valid source projection outside current 200-player skill-position board,NO
CANONICAL_SOURCE_OUTSIDE_DRAFT_COMMAND_UNIVERSE,,,Troy Franklin,DEN,WR,Troy Franklin,valid source projection outside current 200-player skill-position board,NO
CANONICAL_SOURCE_OUTSIDE_DRAFT_COMMAND_UNIVERSE,,,Tyquan Thornton,KC,WR,Tyquan Thornton,valid source projection outside current 200-player skill-position board,NO
CANONICAL_SOURCE_OUTSIDE_DRAFT_COMMAND_UNIVERSE,,,Tory Horton,SEA,WR,Tory Horton,valid source projection outside current 200-player skill-position board,NO
CANONICAL_SOURCE_OUTSIDE_DRAFT_COMMAND_UNIVERSE,,,Christian Kirk,SF,WR,Christian Kirk,valid source projection outside current 200-player skill-position board,NO
CANONICAL_SOURCE_OUTSIDE_DRAFT_COMMAND_UNIVERSE,,,Hollywood Brown,PHI,WR,Hollywood Brown,valid source projection outside current 200-player skill-position board,NO
CANONICAL_SOURCE_OUTSIDE_DRAFT_COMMAND_UNIVERSE,,,Andrei Iosivas,CIN,WR,Andrei Iosivas,valid source projection outside current 200-player skill-position board,NO
CANONICAL_SOURCE_OUTSIDE_DRAFT_COMMAND_UNIVERSE,,,Isaac TeSlaa,DET,WR,Isaac TeSlaa,valid source projection outside current 200-player skill-position board,NO
CANONICAL_SOURCE_OUTSIDE_DRAFT_COMMAND_UNIVERSE,,,Jalen Tolbert,MIA,WR,Jalen Tolbert,valid source projection outside current 200-player skill-position board,NO
CANONICAL_SOURCE_OUTSIDE_DRAFT_COMMAND_UNIVERSE,,,Dyami Brown,WAS,WR,Dyami Brown,valid source projection outside current 200-player skill-position board,NO
CANONICAL_SOURCE_OUTSIDE_DRAFT_COMMAND_UNIVERSE,,,Ted Hurst III,TB,WR,Ted Hurst III,valid source projection outside current 200-player skill-position board,NO
CANONICAL_SOURCE_OUTSIDE_DRAFT_COMMAND_UNIVERSE,,,Treylon Burks,WAS,WR,Treylon Burks,valid source projection outside current 200-player skill-position board,NO
CANONICAL_SOURCE_OUTSIDE_DRAFT_COMMAND_UNIVERSE,,,Ashton Dulin,IND,WR,Ashton Dulin,valid source projection outside current 200-player skill-position board,NO
CANONICAL_SOURCE_OUTSIDE_DRAFT_COMMAND_UNIVERSE,,,Jack Bech,LV,WR,Jack Bech,valid source projection outside current 200-player skill-position board,NO
CANONICAL_SOURCE_OUTSIDE_DRAFT_COMMAND_UNIVERSE,,,Elic Ayomanor,TEN,WR,Elic Ayomanor,valid source projection outside current 200-player skill-position board,NO
CANONICAL_SOURCE_OUTSIDE_DRAFT_COMMAND_UNIVERSE,,,Chimere Dike,TEN,WR,Chimere Dike,valid source projection outside current 200-player skill-position board,NO
CANONICAL_SOURCE_OUTSIDE_DRAFT_COMMAND_UNIVERSE,,,Jahan Dotson,ATL,WR,Jahan Dotson,valid source projection outside current 200-player skill-position board,NO
CANONICAL_SOURCE_OUTSIDE_DRAFT_COMMAND_UNIVERSE,,,Savion Williams,GB,WR,Savion Williams,valid source projection outside current 200-player skill-position board,NO
CANONICAL_SOURCE_OUTSIDE_DRAFT_COMMAND_UNIVERSE,,,Joshua Palmer,BUF,WR,Joshua Palmer,valid source projection outside current 200-player skill-position board,NO
CANONICAL_SOURCE_OUTSIDE_DRAFT_COMMAND_UNIVERSE,,,Marvin Mims Jr.,DEN,WR,Marvin Mims Jr.,valid source projection outside current 200-player skill-position board,NO
CANONICAL_SOURCE_OUTSIDE_DRAFT_COMMAND_UNIVERSE,,,KaVontae Turpin,DAL,WR,KaVontae Turpin,valid source projection outside current 200-player skill-position board,NO
CANONICAL_SOURCE_OUTSIDE_DRAFT_COMMAND_UNIVERSE,,,Olamide Zaccheaus,ATL,WR,Olamide Zaccheaus,valid source projection outside current 200-player skill-position board,NO
CANONICAL_SOURCE_OUTSIDE_DRAFT_COMMAND_UNIVERSE,,,Luke McCaffrey,WAS,WR,Luke McCaffrey,valid source projection outside current 200-player skill-position board,NO
CANONICAL_SOURCE_OUTSIDE_DRAFT_COMMAND_UNIVERSE,,,Xavier Hutchinson,HOU,WR,Xavier Hutchinson,valid source projection outside current 200-player skill-position board,NO
CANONICAL_SOURCE_OUTSIDE_DRAFT_COMMAND_UNIVERSE,,,Calvin Austin III,NYG,WR,Calvin Austin III,valid source projection outside current 200-player skill-position board,NO
CANONICAL_SOURCE_OUTSIDE_DRAFT_COMMAND_UNIVERSE,,,DeMario Douglas,NE,WR,DeMario Douglas,valid source projection outside current 200-player skill-position board,NO
CANONICAL_SOURCE_OUTSIDE_DRAFT_COMMAND_UNIVERSE,,,Elijah Sarratt,BAL,WR,Elijah Sarratt,valid source projection outside current 200-player skill-position board,NO
CANONICAL_SOURCE_OUTSIDE_DRAFT_COMMAND_UNIVERSE,,,Keon Coleman,BUF,WR,Keon Coleman,valid source projection outside current 200-player skill-position board,NO
CANONICAL_SOURCE_OUTSIDE_DRAFT_COMMAND_UNIVERSE,,,Jaylin Lane,WAS,WR,Jaylin Lane,valid source projection outside current 200-player skill-position board,NO
CANONICAL_SOURCE_OUTSIDE_DRAFT_COMMAND_UNIVERSE,,,Nick Westbrook-Ikhine,IND,WR,Nick Westbrook-Ikhine,valid source projection outside current 200-player skill-position board,NO
CANONICAL_SOURCE_OUTSIDE_DRAFT_COMMAND_UNIVERSE,,,Jahdae Walker,CHI,WR,Jahdae Walker,valid source projection outside current 200-player skill-position board,NO
CANONICAL_SOURCE_OUTSIDE_DRAFT_COMMAND_UNIVERSE,,,Demarcus Robinson,SF,WR,Demarcus Robinson,valid source projection outside current 200-player skill-position board,NO
CANONICAL_SOURCE_OUTSIDE_DRAFT_COMMAND_UNIVERSE,,,Cedric Tillman,CLE,WR,Cedric Tillman,valid source projection outside current 200-player skill-position board,NO
CANONICAL_SOURCE_OUTSIDE_DRAFT_COMMAND_UNIVERSE,,,Tutu Atwell,MIA,WR,Tutu Atwell,valid source projection outside current 200-player skill-position board,NO
CANONICAL_SOURCE_OUTSIDE_DRAFT_COMMAND_UNIVERSE,,,Kevin Coleman Jr.,MIA,WR,Kevin Coleman Jr.,valid source projection outside current 200-player skill-position board,NO
CANONICAL_SOURCE_OUTSIDE_DRAFT_COMMAND_UNIVERSE,,,Kendrick Bourne,ARI,WR,Kendrick Bourne,valid source projection outside current 200-player skill-position board,NO
CANONICAL_SOURCE_OUTSIDE_DRAFT_COMMAND_UNIVERSE,,,Kalif Raymond,CHI,WR,Kalif Raymond,valid source projection outside current 200-player skill-position board,NO
CANONICAL_SOURCE_OUTSIDE_DRAFT_COMMAND_UNIVERSE,,,Cyrus Allen,KC,WR,Cyrus Allen,valid source projection outside current 200-player skill-position board,NO
CANONICAL_SOURCE_OUTSIDE_DRAFT_COMMAND_UNIVERSE,,,Skyler Bell,BUF,WR,Skyler Bell,valid source projection outside current 200-player skill-position board,NO
CANONICAL_SOURCE_OUTSIDE_DRAFT_COMMAND_UNIVERSE,,,Bryce Lance,NO,WR,Bryce Lance,valid source projection outside current 200-player skill-position board,NO
CANONICAL_SOURCE_OUTSIDE_DRAFT_COMMAND_UNIVERSE,,,Jordan Whittington,LAR,WR,Jordan Whittington,valid source projection outside current 200-player skill-position board,NO
CANONICAL_SOURCE_OUTSIDE_DRAFT_COMMAND_UNIVERSE,,,Devontez Walker,BAL,WR,Devontez Walker,valid source projection outside current 200-player skill-position board,NO
CANONICAL_SOURCE_OUTSIDE_DRAFT_COMMAND_UNIVERSE,,,Zavion Thomas,CHI,WR,Zavion Thomas,valid source projection outside current 200-player skill-position board,NO
CANONICAL_SOURCE_OUTSIDE_DRAFT_COMMAND_UNIVERSE,,,Odell Beckham Jr.,NYG,WR,Odell Beckham Jr.,valid source projection outside current 200-player skill-position board,NO
CANONICAL_SOURCE_OUTSIDE_DRAFT_COMMAND_UNIVERSE,,,Malachi Fields,NYG,WR,Malachi Fields,valid source projection outside current 200-player skill-position board,NO
CANONICAL_SOURCE_OUTSIDE_DRAFT_COMMAND_UNIVERSE,,,Dont'e Thornton Jr.,LV,WR,Dont'e Thornton Jr.,valid source projection outside current 200-player skill-position board,NO
CANONICAL_SOURCE_OUTSIDE_DRAFT_COMMAND_UNIVERSE,,,Isaiah Bond,CLE,WR,Isaiah Bond,valid source projection outside current 200-player skill-position board,NO
CANONICAL_SOURCE_OUTSIDE_DRAFT_COMMAND_UNIVERSE,,,Konata Mumpfield,LAR,WR,Konata Mumpfield,valid source projection outside current 200-player skill-position board,NO
CANONICAL_SOURCE_OUTSIDE_DRAFT_COMMAND_UNIVERSE,,,Brenen Thompson,LAC,WR,Brenen Thompson,valid source projection outside current 200-player skill-position board,NO
CANONICAL_SOURCE_OUTSIDE_DRAFT_COMMAND_UNIVERSE,,,Mack Hollins,NE,WR,Mack Hollins,valid source projection outside current 200-player skill-position board,NO
CANONICAL_SOURCE_OUTSIDE_DRAFT_COMMAND_UNIVERSE,,,KeAndre Lambert-Smith,LAC,WR,KeAndre Lambert-Smith,valid source projection outside current 200-player skill-position board,NO
CANONICAL_SOURCE_OUTSIDE_DRAFT_COMMAND_UNIVERSE,,,Kyle Williams,NE,WR,Kyle Williams,valid source projection outside current 200-player skill-position board,NO
CANONICAL_SOURCE_OUTSIDE_DRAFT_COMMAND_UNIVERSE,,,Tez Johnson,TB,WR,Tez Johnson,valid source projection outside current 200-player skill-position board,NO
CANONICAL_SOURCE_OUTSIDE_DRAFT_COMMAND_UNIVERSE,,,Jimmy Horn Jr.,CAR,WR,Jimmy Horn Jr.,valid source projection outside current 200-player skill-position board,NO
CANONICAL_SOURCE_OUTSIDE_DRAFT_COMMAND_UNIVERSE,,,Mitch Tinsley,CIN,WR,Mitch Tinsley,valid source projection outside current 200-player skill-position board,NO
CANONICAL_SOURCE_OUTSIDE_DRAFT_COMMAND_UNIVERSE,,,Jalen Royals,KC,WR,Jalen Royals,valid source projection outside current 200-player skill-position board,NO
CANONICAL_SOURCE_OUTSIDE_DRAFT_COMMAND_UNIVERSE,,,Anthony Gould,IND,WR,Anthony Gould,valid source projection outside current 200-player skill-position board,NO
CANONICAL_SOURCE_OUTSIDE_DRAFT_COMMAND_UNIVERSE,,,Malik Benson,LV,WR,Malik Benson,valid source projection outside current 200-player skill-position board,NO
CANONICAL_SOURCE_OUTSIDE_DRAFT_COMMAND_UNIVERSE,,,Greg Dortch,DET,WR,Greg Dortch,valid source projection outside current 200-player skill-position board,NO
CANONICAL_SOURCE_OUTSIDE_DRAFT_COMMAND_UNIVERSE,,,Bo Melton,GB,WR,Bo Melton,valid source projection outside current 200-player skill-position board,NO
CANONICAL_SOURCE_OUTSIDE_DRAFT_COMMAND_UNIVERSE,,,Ben Skowronek,PIT,WR,Ben Skowronek,valid source projection outside current 200-player skill-position board,NO
CANONICAL_SOURCE_OUTSIDE_DRAFT_COMMAND_UNIVERSE,,,Tyrell Shavers,BUF,WR,Tyrell Shavers,valid source projection outside current 200-player skill-position board,NO
CANONICAL_SOURCE_OUTSIDE_DRAFT_COMMAND_UNIVERSE,,,Derius Davis,LAC,WR,Derius Davis,valid source projection outside current 200-player skill-position board,NO
CANONICAL_SOURCE_OUTSIDE_DRAFT_COMMAND_UNIVERSE,,,Malachi Corley,CLE,WR,Malachi Corley,valid source projection outside current 200-player skill-position board,NO
CANONICAL_SOURCE_OUTSIDE_DRAFT_COMMAND_UNIVERSE,,,Xavier Smith,LAR,WR,Xavier Smith,valid source projection outside current 200-player skill-position board,NO
CANONICAL_SOURCE_OUTSIDE_DRAFT_COMMAND_UNIVERSE,,,Isaiah Williams,NYJ,WR,Isaiah Williams,valid source projection outside current 200-player skill-position board,NO
CANONICAL_SOURCE_OUTSIDE_DRAFT_COMMAND_UNIVERSE,,,Colbie Young,CIN,WR,Colbie Young,valid source projection outside current 200-player skill-position board,NO
CANONICAL_SOURCE_OUTSIDE_DRAFT_COMMAND_UNIVERSE,,,CJ Daniels,LAR,WR,CJ Daniels,valid source projection outside current 200-player skill-position board,NO
CANONICAL_SOURCE_OUTSIDE_DRAFT_COMMAND_UNIVERSE,,,Justin Watson,HOU,WR,Justin Watson,valid source projection outside current 200-player skill-position board,NO
CANONICAL_SOURCE_OUTSIDE_DRAFT_COMMAND_UNIVERSE,,,Jonathan Mingo,DAL,WR,Jonathan Mingo,valid source projection outside current 200-player skill-position board,NO
CANONICAL_SOURCE_OUTSIDE_DRAFT_COMMAND_UNIVERSE,,,Tai Felton,MIN,WR,Tai Felton,valid source projection outside current 200-player skill-position board,NO
CANONICAL_SOURCE_OUTSIDE_DRAFT_COMMAND_UNIVERSE,,,Darius Cooper,PHI,WR,Darius Cooper,valid source projection outside current 200-player skill-position board,NO
CANONICAL_SOURCE_OUTSIDE_DRAFT_COMMAND_UNIVERSE,,,Barion Brown,NO,WR,Barion Brown,valid source projection outside current 200-player skill-position board,NO
CANONICAL_SOURCE_OUTSIDE_DRAFT_COMMAND_UNIVERSE,,,Laquon Treadwell,IND,WR,Laquon Treadwell,valid source projection outside current 200-player skill-position board,NO
CANONICAL_SOURCE_OUTSIDE_DRAFT_COMMAND_UNIVERSE,,,Reggie Virgil,ARI,WR,Reggie Virgil,valid source projection outside current 200-player skill-position board,NO
CANONICAL_SOURCE_OUTSIDE_DRAFT_COMMAND_UNIVERSE,,,Brycen Tremayne,CAR,WR,Brycen Tremayne,valid source projection outside current 200-player skill-position board,NO
CANONICAL_SOURCE_OUTSIDE_DRAFT_COMMAND_UNIVERSE,,,Kaden Wetjen,PIT,WR,Kaden Wetjen,valid source projection outside current 200-player skill-position board,NO
CANONICAL_SOURCE_OUTSIDE_DRAFT_COMMAND_UNIVERSE,,,Arian Smith,NYJ,WR,Arian Smith,valid source projection outside current 200-player skill-position board,NO
CANONICAL_SOURCE_OUTSIDE_DRAFT_COMMAND_UNIVERSE,,,Kameron Johnson,TB,WR,Kameron Johnson,valid source projection outside current 200-player skill-position board,NO
CANONICAL_SOURCE_OUTSIDE_DRAFT_COMMAND_UNIVERSE,,,JuJu Smith-Schuster,NYG,WR,JuJu Smith-Schuster,valid source projection outside current 200-player skill-position board,NO
CANONICAL_SOURCE_OUTSIDE_DRAFT_COMMAND_UNIVERSE,,,David Moore,CAR,WR,David Moore,valid source projection outside current 200-player skill-position board,NO
CANONICAL_SOURCE_OUTSIDE_DRAFT_COMMAND_UNIVERSE,,,Braxton Berrios,NYG,WR,Braxton Berrios,valid source projection outside current 200-player skill-position board,NO
CANONICAL_SOURCE_OUTSIDE_DRAFT_COMMAND_UNIVERSE,,,Devin Duvernay,ARI,WR,Devin Duvernay,valid source projection outside current 200-player skill-position board,NO
CANONICAL_SOURCE_OUTSIDE_DRAFT_COMMAND_UNIVERSE,,,Mason Kinsey,TEN,WR,Mason Kinsey,valid source projection outside current 200-player skill-position board,NO
CANONICAL_SOURCE_OUTSIDE_DRAFT_COMMAND_UNIVERSE,,,Michael Bandy,DEN,WR,Michael Bandy,valid source projection outside current 200-player skill-position board,NO
CANONICAL_SOURCE_OUTSIDE_DRAFT_COMMAND_UNIVERSE,,,Skyy Moore,GB,WR,Skyy Moore,valid source projection outside current 200-player skill-position board,NO
CANONICAL_SOURCE_OUTSIDE_DRAFT_COMMAND_UNIVERSE,,,Britain Covey,PHI,WR,Britain Covey,valid source projection outside current 200-player skill-position board,NO
CANONICAL_SOURCE_OUTSIDE_DRAFT_COMMAND_UNIVERSE,,,Dareke Young,LV,WR,Dareke Young,valid source projection outside current 200-player skill-position board,NO
CANONICAL_SOURCE_OUTSIDE_DRAFT_COMMAND_UNIVERSE,,,Jacob Cowing,SF,WR,Jacob Cowing,valid source projection outside current 200-player skill-position board,NO
CANONICAL_SOURCE_OUTSIDE_DRAFT_COMMAND_UNIVERSE,,,Charlie Jones,CIN,WR,Charlie Jones,valid source projection outside current 200-player skill-position board,NO
CANONICAL_SOURCE_OUTSIDE_DRAFT_COMMAND_UNIVERSE,,,Jalen Brooks,ARI,WR,Jalen Brooks,valid source projection outside current 200-player skill-position board,NO
CANONICAL_SOURCE_OUTSIDE_DRAFT_COMMAND_UNIVERSE,,,Nikko Remigio,KC,WR,Nikko Remigio,valid source projection outside current 200-player skill-position board,NO
CANONICAL_SOURCE_OUTSIDE_DRAFT_COMMAND_UNIVERSE,,,Jeshaun Jones,MIN,WR,Jeshaun Jones,valid source projection outside current 200-player skill-position board,NO
CANONICAL_SOURCE_OUTSIDE_DRAFT_COMMAND_UNIVERSE,,,Mason Tipton,NO,WR,Mason Tipton,valid source projection outside current 200-player skill-position board,NO
CANONICAL_SOURCE_OUTSIDE_DRAFT_COMMAND_UNIVERSE,,,Efton Chism III,NE,WR,Efton Chism III,valid source projection outside current 200-player skill-position board,NO
CANONICAL_SOURCE_OUTSIDE_DRAFT_COMMAND_UNIVERSE,,,LaJohntay Wester,BAL,WR,LaJohntay Wester,valid source projection outside current 200-player skill-position board,NO
CANONICAL_SOURCE_OUTSIDE_DRAFT_COMMAND_UNIVERSE,,,Ke'Shawn Williams,CIN,WR,Ke'Shawn Williams,valid source projection outside current 200-player skill-position board,NO
CANONICAL_SOURCE_OUTSIDE_DRAFT_COMMAND_UNIVERSE,,,Myles Price,MIN,WR,Myles Price,valid source projection outside current 200-player skill-position board,NO
CANONICAL_SOURCE_OUTSIDE_DRAFT_COMMAND_UNIVERSE,,,Gage Larvadain,CLE,WR,Gage Larvadain,valid source projection outside current 200-player skill-position board,NO
CANONICAL_SOURCE_OUTSIDE_DRAFT_COMMAND_UNIVERSE,,,Josh Cameron,JAC,WR,Josh Cameron,valid source projection outside current 200-player skill-position board,NO
CANONICAL_SOURCE_OUTSIDE_DRAFT_COMMAND_UNIVERSE,,,Pat Freiermuth,PIT,TE,Pat Freiermuth,valid source projection outside current 200-player skill-position board,NO
CANONICAL_SOURCE_OUTSIDE_DRAFT_COMMAND_UNIVERSE,,,Cade Otton,TB,TE,Cade Otton,valid source projection outside current 200-player skill-position board,NO
CANONICAL_SOURCE_OUTSIDE_DRAFT_COMMAND_UNIVERSE,,,Oronde Gadsden II,LAC,TE,Oronde Gadsden II,valid source projection outside current 200-player skill-position board,NO
CANONICAL_SOURCE_OUTSIDE_DRAFT_COMMAND_UNIVERSE,,,Mike Gesicki,CIN,TE,Mike Gesicki,valid source projection outside current 200-player skill-position board,NO
CANONICAL_SOURCE_OUTSIDE_DRAFT_COMMAND_UNIVERSE,,,Evan Engram,DEN,TE,Evan Engram,valid source projection outside current 200-player skill-position board,NO
CANONICAL_SOURCE_OUTSIDE_DRAFT_COMMAND_UNIVERSE,,,Mason Taylor,NYJ,TE,Mason Taylor,valid source projection outside current 200-player skill-position board,NO
CANONICAL_SOURCE_OUTSIDE_DRAFT_COMMAND_UNIVERSE,,,Colby Parkinson,LAR,TE,Colby Parkinson,valid source projection outside current 200-player skill-position board,NO
CANONICAL_SOURCE_OUTSIDE_DRAFT_COMMAND_UNIVERSE,,,David Njoku,LAC,TE,David Njoku,valid source projection outside current 200-player skill-position board,NO
CANONICAL_SOURCE_OUTSIDE_DRAFT_COMMAND_UNIVERSE,,,Michael Mayer,LV,TE,Michael Mayer,valid source projection outside current 200-player skill-position board,NO
CANONICAL_SOURCE_OUTSIDE_DRAFT_COMMAND_UNIVERSE,,,Dawson Knox,BUF,TE,Dawson Knox,valid source projection outside current 200-player skill-position board,NO
CANONICAL_SOURCE_OUTSIDE_DRAFT_COMMAND_UNIVERSE,,,Theo Johnson,NYG,TE,Theo Johnson,valid source projection outside current 200-player skill-position board,NO
CANONICAL_SOURCE_OUTSIDE_DRAFT_COMMAND_UNIVERSE,,,Darnell Washington,PIT,TE,Darnell Washington,valid source projection outside current 200-player skill-position board,NO
CANONICAL_SOURCE_OUTSIDE_DRAFT_COMMAND_UNIVERSE,,,Tyler Higbee,LAR,TE,Tyler Higbee,valid source projection outside current 200-player skill-position board,NO
CANONICAL_SOURCE_OUTSIDE_DRAFT_COMMAND_UNIVERSE,,,Cole Kmet,CHI,TE,Cole Kmet,valid source projection outside current 200-player skill-position board,NO
CANONICAL_SOURCE_OUTSIDE_DRAFT_COMMAND_UNIVERSE,,,Ja'Tavion Sanders,CAR,TE,Ja'Tavion Sanders,valid source projection outside current 200-player skill-position board,NO
CANONICAL_SOURCE_OUTSIDE_DRAFT_COMMAND_UNIVERSE,,,Noah Fant,NO,TE,Noah Fant,valid source projection outside current 200-player skill-position board,NO
CANONICAL_SOURCE_OUTSIDE_DRAFT_COMMAND_UNIVERSE,,,Tommy Tremble,CAR,TE,Tommy Tremble,valid source projection outside current 200-player skill-position board,NO
CANONICAL_SOURCE_OUTSIDE_DRAFT_COMMAND_UNIVERSE,,,Will Kacmarek,MIA,TE,Will Kacmarek,valid source projection outside current 200-player skill-position board,NO
CANONICAL_SOURCE_OUTSIDE_DRAFT_COMMAND_UNIVERSE,,,Erick All Jr.,CIN,TE,Erick All Jr.,valid source projection outside current 200-player skill-position board,NO
CANONICAL_SOURCE_OUTSIDE_DRAFT_COMMAND_UNIVERSE,,,Charlie Kolar,LAC,TE,Charlie Kolar,valid source projection outside current 200-player skill-position board,NO
CANONICAL_SOURCE_OUTSIDE_DRAFT_COMMAND_UNIVERSE,,,Austin Hooper,ATL,TE,Austin Hooper,valid source projection outside current 200-player skill-position board,NO
CANONICAL_SOURCE_OUTSIDE_DRAFT_COMMAND_UNIVERSE,,,Josh Oliver,MIN,TE,Josh Oliver,valid source projection outside current 200-player skill-position board,NO
CANONICAL_SOURCE_OUTSIDE_DRAFT_COMMAND_UNIVERSE,,,Eli Stowers,PHI,TE,Eli Stowers,valid source projection outside current 200-player skill-position board,NO
CANONICAL_SOURCE_OUTSIDE_DRAFT_COMMAND_UNIVERSE,,,Daniel Bellinger,TEN,TE,Daniel Bellinger,valid source projection outside current 200-player skill-position board,NO
CANONICAL_SOURCE_OUTSIDE_DRAFT_COMMAND_UNIVERSE,,,Brock Wright,DET,TE,Brock Wright,valid source projection outside current 200-player skill-position board,NO
CANONICAL_SOURCE_OUTSIDE_DRAFT_COMMAND_UNIVERSE,,,Noah Gray,KC,TE,Noah Gray,valid source projection outside current 200-player skill-position board,NO
CANONICAL_SOURCE_OUTSIDE_DRAFT_COMMAND_UNIVERSE,,,Luke Musgrave,GB,TE,Luke Musgrave,valid source projection outside current 200-player skill-position board,NO
CANONICAL_SOURCE_OUTSIDE_DRAFT_COMMAND_UNIVERSE,,,Elijah Arroyo,SEA,TE,Elijah Arroyo,valid source projection outside current 200-player skill-position board,NO
CANONICAL_SOURCE_OUTSIDE_DRAFT_COMMAND_UNIVERSE,,,Jake Tonges,SF,TE,Jake Tonges,valid source projection outside current 200-player skill-position board,NO
CANONICAL_SOURCE_OUTSIDE_DRAFT_COMMAND_UNIVERSE,,,Adam Trautman,DEN,TE,Adam Trautman,valid source projection outside current 200-player skill-position board,NO
CANONICAL_SOURCE_OUTSIDE_DRAFT_COMMAND_UNIVERSE,,,Eli Raridon,NE,TE,Eli Raridon,valid source projection outside current 200-player skill-position board,NO
CANONICAL_SOURCE_OUTSIDE_DRAFT_COMMAND_UNIVERSE,,,Davis Allen,LAR,TE,Davis Allen,valid source projection outside current 200-player skill-position board,NO
CANONICAL_SOURCE_OUTSIDE_DRAFT_COMMAND_UNIVERSE,,,Ben Sims,MIA,TE,Ben Sims,valid source projection outside current 200-player skill-position board,NO
CANONICAL_SOURCE_OUTSIDE_DRAFT_COMMAND_UNIVERSE,,,Marlin Klein,HOU,TE,Marlin Klein,valid source projection outside current 200-player skill-position board,NO
CANONICAL_SOURCE_OUTSIDE_DRAFT_COMMAND_UNIVERSE,,,Elijah Higgins,ARI,TE,Elijah Higgins,valid source projection outside current 200-player skill-position board,NO
CANONICAL_SOURCE_OUTSIDE_DRAFT_COMMAND_UNIVERSE,,,John Bates,WAS,TE,John Bates,valid source projection outside current 200-player skill-position board,NO
CANONICAL_SOURCE_OUTSIDE_DRAFT_COMMAND_UNIVERSE,,,Jeremy Ruckert,NYJ,TE,Jeremy Ruckert,valid source projection outside current 200-player skill-position board,NO
CANONICAL_SOURCE_OUTSIDE_DRAFT_COMMAND_UNIVERSE,,,Mitchell Evans,CAR,TE,Mitchell Evans,valid source projection outside current 200-player skill-position board,NO
CANONICAL_SOURCE_OUTSIDE_DRAFT_COMMAND_UNIVERSE,,,Nate Boerkircher,JAC,TE,Nate Boerkircher,valid source projection outside current 200-player skill-position board,NO
CANONICAL_SOURCE_OUTSIDE_DRAFT_COMMAND_UNIVERSE,,,Connor Heyward,LV,TE,Connor Heyward,valid source projection outside current 200-player skill-position board,NO
CANONICAL_SOURCE_OUTSIDE_DRAFT_COMMAND_UNIVERSE,,,Nick Vannett,SEA,TE,Nick Vannett,valid source projection outside current 200-player skill-position board,NO
CANONICAL_SOURCE_OUTSIDE_DRAFT_COMMAND_UNIVERSE,,,Drew Sample,CIN,TE,Drew Sample,valid source projection outside current 200-player skill-position board,NO
CANONICAL_SOURCE_OUTSIDE_DRAFT_COMMAND_UNIVERSE,,,Nate Adkins,DEN,TE,Nate Adkins,valid source projection outside current 200-player skill-position board,NO
CANONICAL_SOURCE_OUTSIDE_DRAFT_COMMAND_UNIVERSE,,,Ben Sinnott,WAS,TE,Ben Sinnott,valid source projection outside current 200-player skill-position board,NO
CANONICAL_SOURCE_OUTSIDE_DRAFT_COMMAND_UNIVERSE,,,Cade Stover,HOU,TE,Cade Stover,valid source projection outside current 200-player skill-position board,NO
CANONICAL_SOURCE_OUTSIDE_DRAFT_COMMAND_UNIVERSE,,,Jackson Hawes,BUF,TE,Jackson Hawes,valid source projection outside current 200-player skill-position board,NO
CANONICAL_SOURCE_OUTSIDE_DRAFT_COMMAND_UNIVERSE,,,Zack Kuntz,DAL,TE,Zack Kuntz,valid source projection outside current 200-player skill-position board,NO
CANONICAL_SOURCE_OUTSIDE_DRAFT_COMMAND_UNIVERSE,,,Jack Endries,CIN,TE,Jack Endries,valid source projection outside current 200-player skill-position board,NO
CANONICAL_SOURCE_OUTSIDE_DRAFT_COMMAND_UNIVERSE,,,Luke Schoonmaker,DAL,TE,Luke Schoonmaker,valid source projection outside current 200-player skill-position board,NO
CANONICAL_SOURCE_OUTSIDE_DRAFT_COMMAND_UNIVERSE,,,Will Mallory,IND,TE,Will Mallory,valid source projection outside current 200-player skill-position board,NO
CANONICAL_SOURCE_OUTSIDE_DRAFT_COMMAND_UNIVERSE,,,Hayden Rucci,SF,TE,Hayden Rucci,valid source projection outside current 200-player skill-position board,NO
CANONICAL_SOURCE_OUTSIDE_DRAFT_COMMAND_UNIVERSE,,,Charlie Woerner,ATL,TE,Charlie Woerner,valid source projection outside current 200-player skill-position board,NO
CANONICAL_SOURCE_OUTSIDE_DRAFT_COMMAND_UNIVERSE,,,Grant Calcaterra,PHI,TE,Grant Calcaterra,valid source projection outside current 200-player skill-position board,NO
CANONICAL_SOURCE_OUTSIDE_DRAFT_COMMAND_UNIVERSE,,,Foster Moreau,HOU,TE,Foster Moreau,valid source projection outside current 200-player skill-position board,NO
CANONICAL_SOURCE_OUTSIDE_DRAFT_COMMAND_UNIVERSE,,,Rivaldo Fairweather,ARI,TE,Rivaldo Fairweather,valid source projection outside current 200-player skill-position board,NO
CANONICAL_SOURCE_OUTSIDE_DRAFT_COMMAND_UNIVERSE,,,Bauer Sharp,TB,TE,Bauer Sharp,valid source projection outside current 200-player skill-position board,NO
CANONICAL_SOURCE_OUTSIDE_DRAFT_COMMAND_UNIVERSE,,,Tanner Hudson,CIN,TE,Tanner Hudson,valid source projection outside current 200-player skill-position board,NO
CANONICAL_SOURCE_OUTSIDE_DRAFT_COMMAND_UNIVERSE,,,Zaire Mitchell-Paden,NO,TE,Zaire Mitchell-Paden,valid source projection outside current 200-player skill-position board,NO
CANONICAL_SOURCE_OUTSIDE_DRAFT_COMMAND_UNIVERSE,,,Mo Alie-Cox,IND,TE,Mo Alie-Cox,valid source projection outside current 200-player skill-position board,NO
CANONICAL_SOURCE_OUTSIDE_DRAFT_COMMAND_UNIVERSE,,,Thomas Fidone II,NYG,TE,Thomas Fidone II,valid source projection outside current 200-player skill-position board,NO
CANONICAL_SOURCE_OUTSIDE_DRAFT_COMMAND_UNIVERSE,,,Jaheim Bell,PIT,TE,Jaheim Bell,valid source projection outside current 200-player skill-position board,NO
CANONICAL_SOURCE_OUTSIDE_DRAFT_COMMAND_UNIVERSE,,,Drake Dabney,GB,TE,Drake Dabney,valid source projection outside current 200-player skill-position board,NO
CANONICAL_SOURCE_OUTSIDE_DRAFT_COMMAND_UNIVERSE,,,Seydou Traore,MIA,TE,Seydou Traore,valid source projection outside current 200-player skill-position board,NO
CANONICAL_SOURCE_OUTSIDE_DRAFT_COMMAND_UNIVERSE,,,Durham Smythe,BAL,TE,Durham Smythe,valid source projection outside current 200-player skill-position board,NO
CANONICAL_SOURCE_OUTSIDE_DRAFT_COMMAND_UNIVERSE,,,Payne Durham,TB,TE,Payne Durham,valid source projection outside current 200-player skill-position board,NO
CANONICAL_SOURCE_OUTSIDE_DRAFT_COMMAND_UNIVERSE,,,Max Klare,LAR,TE,Max Klare,valid source projection outside current 200-player skill-position board,NO
CANONICAL_SOURCE_OUTSIDE_DRAFT_COMMAND_UNIVERSE,,,Justin Joly,DEN,TE,Justin Joly,valid source projection outside current 200-player skill-position board,NO
CANONICAL_SOURCE_OUTSIDE_DRAFT_COMMAND_UNIVERSE,,,Oscar Delp,NO,TE,Oscar Delp,valid source projection outside current 200-player skill-position board,NO
CANONICAL_SOURCE_OUTSIDE_DRAFT_COMMAND_UNIVERSE,,,Devin Culp,TB,TE,Devin Culp,valid source projection outside current 200-player skill-position board,NO
CANONICAL_SOURCE_OUTSIDE_DRAFT_COMMAND_UNIVERSE,,,Tanner Koziol,JAC,TE,Tanner Koziol,valid source projection outside current 200-player skill-position board,NO
CANONICAL_SOURCE_OUTSIDE_DRAFT_COMMAND_UNIVERSE,,,Sam Roush,CHI,TE,Sam Roush,valid source projection outside current 200-player skill-position board,NO
CANONICAL_SOURCE_OUTSIDE_DRAFT_COMMAND_UNIVERSE,,,Tip Reiman,ARI,TE,Tip Reiman,valid source projection outside current 200-player skill-position board,NO
CANONICAL_SOURCE_OUTSIDE_DRAFT_COMMAND_UNIVERSE,,,Josh Cuevas,BAL,TE,Josh Cuevas,valid source projection outside current 200-player skill-position board,NO
CANONICAL_SOURCE_OUTSIDE_DRAFT_COMMAND_UNIVERSE,,,Hunter Long,JAC,TE,Hunter Long,valid source projection outside current 200-player skill-position board,NO
CANONICAL_SOURCE_OUTSIDE_DRAFT_COMMAND_UNIVERSE,,,Joe Royer,CLE,TE,Joe Royer,valid source projection outside current 200-player skill-position board,NO
CANONICAL_SOURCE_OUTSIDE_DRAFT_COMMAND_UNIVERSE,,,Chris Manhertz,NYG,TE,Chris Manhertz,valid source projection outside current 200-player skill-position board,NO
CANONICAL_SOURCE_OUTSIDE_DRAFT_COMMAND_UNIVERSE,,,Luke Farrell,SF,TE,Luke Farrell,valid source projection outside current 200-player skill-position board,NO
CANONICAL_SOURCE_OUTSIDE_DRAFT_COMMAND_UNIVERSE,,,Brevyn Spann-Ford,DAL,TE,Brevyn Spann-Ford,valid source projection outside current 200-player skill-position board,NO
CANONICAL_SOURCE_OUTSIDE_DRAFT_COMMAND_UNIVERSE,,,Ko Kieft,TB,TE,Ko Kieft,valid source projection outside current 200-player skill-position board,NO
CANONICAL_SOURCE_OUTSIDE_DRAFT_COMMAND_UNIVERSE,,,CJ Dippre,NE,TE,CJ Dippre,valid source projection outside current 200-player skill-position board,NO
CANONICAL_SOURCE_OUTSIDE_DRAFT_COMMAND_UNIVERSE,,,Tyler Conklin,DET,TE,Tyler Conklin,valid source projection outside current 200-player skill-position board,NO
CANONICAL_SOURCE_OUTSIDE_DRAFT_COMMAND_UNIVERSE,,,Eric Saubert,SEA,TE,Eric Saubert,valid source projection outside current 200-player skill-position board,NO
CANONICAL_SOURCE_OUTSIDE_DRAFT_COMMAND_UNIVERSE,,,Drew Ogletree,IND,TE,Drew Ogletree,valid source projection outside current 200-player skill-position board,NO
CANONICAL_SOURCE_OUTSIDE_DRAFT_COMMAND_UNIVERSE,,,Johnny Mundt,PHI,TE,Johnny Mundt,valid source projection outside current 200-player skill-position board,NO
CANONICAL_SOURCE_OUTSIDE_DRAFT_COMMAND_UNIVERSE,,,Ian Thomas,LV,TE,Ian Thomas,valid source projection outside current 200-player skill-position board,NO
CANONICAL_SOURCE_OUTSIDE_DRAFT_COMMAND_UNIVERSE,,,Jack Stoll,CLE,TE,Jack Stoll,valid source projection outside current 200-player skill-position board,NO
CANONICAL_SOURCE_OUTSIDE_DRAFT_COMMAND_UNIVERSE,,,Quintin Morris,JAC,TE,Quintin Morris,valid source projection outside current 200-player skill-position board,NO
CANONICAL_SOURCE_OUTSIDE_DRAFT_COMMAND_UNIVERSE,,,Cole Turner,MIA,TE,Cole Turner,valid source projection outside current 200-player skill-position board,NO
CANONICAL_SOURCE_OUTSIDE_DRAFT_COMMAND_UNIVERSE,,,Jelani Woods,NYJ,TE,Jelani Woods,valid source projection outside current 200-player skill-position board,NO
CANONICAL_SOURCE_OUTSIDE_DRAFT_COMMAND_UNIVERSE,,,Lucas Krull,DEN,TE,Lucas Krull,valid source projection outside current 200-player skill-position board,NO
CANONICAL_SOURCE_OUTSIDE_DRAFT_COMMAND_UNIVERSE,,,Blake Whiteheart,CLE,TE,Blake Whiteheart,valid source projection outside current 200-player skill-position board,NO
CANONICAL_SOURCE_OUTSIDE_DRAFT_COMMAND_UNIVERSE,,,Julian Hill,NE,TE,Julian Hill,valid source projection outside current 200-player skill-position board,NO
