internal_player_id,draft_command_board_rank,canonical_player_id,gsis_id,espn_id,display_name,normalized_name,position,current_team,consensus_source_team,team_conflict_preserved,identity_method,identity_confidence,consensus_join_key,consensus_join_status
1,1,00-0039139,00-0039139,4429795,Jahmyr Gibbs,jahmyrgibbs,RB,DET,DET,false,espn-id,1.0,jahmyrgibbs|RB,MATCHED_CANONICAL_NAME_POSITION
2,2,00-0038542,00-0038542,4430807,Bijan Robinson,bijanrobinson,RB,ATL,ATL,false,espn-id,1.0,bijanrobinson|RB,MATCHED_CANONICAL_NAME_POSITION
3,3,00-0036900,00-0036900,4362628,Ja'Marr Chase,jamarrchase,WR,CIN,CIN,false,espn-id,1.0,jamarrchase|WR,MATCHED_CANONICAL_NAME_POSITION
4,4,00-0039075,00-0039075,4426515,Puka Nacua,pukanacua,WR,LAR,LAR,false,espn-id,1.0,pukanacua|WR,MATCHED_CANONICAL_NAME_POSITION
5,5,00-0033280,00-0033280,3117251,Christian McCaffrey,christianmccaffrey,RB,SF,SF,false,espn-id,1.0,christianmccaffrey|RB,MATCHED_CANONICAL_NAME_POSITION
6,6,00-0036223,00-0036223,4242335,Jonathan Taylor,jonathantaylor,RB,IND,IND,false,espn-id,1.0,jonathantaylor|RB,MATCHED_CANONICAL_NAME_POSITION
7,7,00-0038543,00-0038543,4430878,Jaxon Smith-Njigba,jaxonsmithnjigba,WR,SEA,SEA,false,espn-id,1.0,jaxonsmithnjigba|WR,MATCHED_CANONICAL_NAME_POSITION
8,8,00-0036963,00-0036963,4374302,Amon-Ra St. Brown,amonrastbrown,WR,DET,DET,false,espn-id,1.0,amonrastbrown|WR,MATCHED_CANONICAL_NAME_POSITION
9,9,00-0037248,00-0037248,4379399,James Cook,jamescook,RB,BUF,BUF,false,espn-id,1.0,jamescook|RB,MATCHED_CANONICAL_NAME_POSITION
10,10,00-0036358,00-0036358,4241389,CeeDee Lamb,ceedeelamb,WR,DAL,DAL,false,espn-id,1.0,ceedeelamb|WR,MATCHED_CANONICAL_NAME_POSITION
11,11,00-0036322,00-0036322,4262921,Justin Jefferson,justinjefferson,WR,MIN,MIN,false,espn-id,1.0,justinjefferson|WR,MATCHED_CANONICAL_NAME_POSITION
12,12,00-0039040,00-0039040,4429160,De'Von Achane,devonachane,RB,MIA,MIA,false,espn-id,1.0,devonachane|RB,MATCHED_CANONICAL_NAME_POSITION
13,13,00-0034844,00-0034844,3929630,Saquon Barkley,saquonbarkley,RB,PHI,PHI,false,espn-id,1.0,saquonbarkley|RB,MATCHED_CANONICAL_NAME_POSITION
14,14,00-0038597,00-0038597,4362238,Chase Brown,chasebrown,RB,CIN,CIN,false,espn-id,1.0,chasebrown|RB,MATCHED_CANONICAL_NAME_POSITION
15,15,00-0040666,00-0040666,4685382,Omarion Hampton,omarionhampton,RB,LAC,LAC,false,espn-id,1.0,omarionhampton|RB,MATCHED_CANONICAL_NAME_POSITION
16,16,00-0032764,00-0032764,3043078,Derrick Henry,derrickhenry,RB,BAL,BAL,false,espn-id,1.0,derrickhenry|RB,MATCHED_CANONICAL_NAME_POSITION
17,17,00-0037238,00-0037238,4426502,Drake London,drakelondon,WR,ATL,ATL,false,espn-id,1.0,drakelondon|WR,MATCHED_CANONICAL_NAME_POSITION
18,18,00-0040122,00-0040122,4890973,Ashton Jeanty,ashtonjeanty,RB,LV,LV,false,espn-id,1.0,ashtonjeanty|RB,MATCHED_CANONICAL_NAME_POSITION
19,19,00-0038134,00-0038134,4567048,Kenneth Walker III,kennethwalker,RB,KC,KC,false,espn-id,1.0,kennethwalker|RB,MATCHED_CANONICAL_NAME_POSITION
20,20,00-0035676,00-0035676,4047646,A.J. Brown,ajbrown,WR,NE,NE,false,espn-id,1.0,ajbrown|WR,MATCHED_CANONICAL_NAME_POSITION
21,21,00-0039338,00-0039338,4432665,Brock Bowers,brockbowers,TE,LV,LV,false,espn-id,1.0,brockbowers|TE,MATCHED_CANONICAL_NAME_POSITION
22,22,00-0036554,00-0036554,4258173,Nico Collins,nicocollins,WR,HOU,HOU,false,espn-id,1.0,nicocollins|WR,MATCHED_CANONICAL_NAME_POSITION
23,23,00-0037744,00-0037744,4361307,Trey McBride,treymcbride,TE,ARI,ARI,false,espn-id,1.0,treymcbride|TE,MATCHED_CANONICAL_NAME_POSITION
24,24,00-0037247,00-0037247,4426354,George Pickens,georgepickens,WR,DAL,DAL,false,espn-id,1.0,georgepickens|WR,MATCHED_CANONICAL_NAME_POSITION
25,25,00-0034857,00-0034857,3918298,Josh Allen,joshallen,QB,BUF,BUF,false,espn-id,1.0,joshallen|QB,MATCHED_CANONICAL_NAME_POSITION
26,26,00-0037239,00-0037239,4361370,Chris Olave,chrisolave,WR,NO,NO,false,espn-id,1.0,chrisolave|WR,MATCHED_CANONICAL_NAME_POSITION
27,27,00-0041027,00-0041027,4870808,Jeremiyah Love,jeremiyahlove,RB,ARI,ARI,false,espn-id,1.0,jeremiyahlove|RB,MATCHED_CANONICAL_NAME_POSITION
28,28,00-0039337,00-0039337,4595348,Malik Nabers,maliknabers,WR,NYG,NYG,false,espn-id,1.0,maliknabers|WR,MATCHED_CANONICAL_NAME_POSITION
29,29,00-0037840,00-0037840,4430737,Kyren Williams,kyrenwilliams,RB,LAR,LAR,false,espn-id,1.0,kyrenwilliams|RB,MATCHED_CANONICAL_NAME_POSITION
30,30,00-0039067,00-0039067,4428331,Rashee Rice,rasheerice,WR,KC,KC,false,espn-id,1.0,rasheerice|WR,MATCHED_CANONICAL_NAME_POSITION
31,31,00-0038120,00-0038120,4427366,Breece Hall,breecehall,RB,NYJ,NYJ,false,espn-id,1.0,breecehall|RB,MATCHED_CANONICAL_NAME_POSITION
32,32,00-0036912,00-0036912,4241478,DeVonta Smith,devontasmith,WR,PHI,PHI,false,espn-id,1.0,devontasmith|WR,MATCHED_CANONICAL_NAME_POSITION
33,33,00-0036997,00-0036997,4361579,Javonte Williams,javontewilliams,RB,DAL,DAL,false,espn-id,1.0,javontewilliams|RB,MATCHED_CANONICAL_NAME_POSITION
34,34,00-0035700,00-0035700,4047365,Josh Jacobs,joshjacobs,RB,GB,GB,false,espn-id,1.0,joshjacobs|RB,MATCHED_CANONICAL_NAME_POSITION
35,35,00-0036410,00-0036410,4239993,Tee Higgins,teehiggins,WR,CIN,CIN,false,espn-id,1.0,teehiggins|WR,MATCHED_CANONICAL_NAME_POSITION
36,36,00-0040124,00-0040124,4685472,Tetairoa McMillan,tetairoamcmillan,WR,CAR,CAR,false,espn-id,1.0,tetairoamcmillan|WR,MATCHED_CANONICAL_NAME_POSITION
37,37,00-0039064,00-0039064,4429615,Zay Flowers,zayflowers,WR,BAL,BAL,false,espn-id,1.0,zayflowers|WR,MATCHED_CANONICAL_NAME_POSITION
38,38,00-0037740,00-0037740,4569618,Garrett Wilson,garrettwilson,WR,NYJ,NYJ,false,espn-id,1.0,garrettwilson|WR,MATCHED_CANONICAL_NAME_POSITION
39,39,00-0039915,00-0039915,4612826,Ladd McConkey,laddmcconkey,WR,LAC,LAC,false,espn-id,1.0,laddmcconkey|WR,MATCHED_CANONICAL_NAME_POSITION
40,40,00-0040126,00-0040126,4723086,Colston Loveland,colstonloveland,TE,CHI,CHI,false,espn-id,1.0,colstonloveland|TE,MATCHED_CANONICAL_NAME_POSITION
41,41,00-0040129,00-0040129,4567750,Emeka Egbuka,emekaegbuka,WR,TB,TB,false,espn-id,1.0,emekaegbuka|WR,MATCHED_CANONICAL_NAME_POSITION
42,42,00-0036973,00-0036973,4239996,Travis Etienne Jr.,travisetienne,RB,NO,NO,false,espn-id,1.0,travisetienne|RB,MATCHED_CANONICAL_NAME_POSITION
43,43,00-0036613,00-0036613,4372016,Jaylen Waddle,jaylenwaddle,WR,DEN,DEN,false,espn-id,1.0,jaylenwaddle|WR,MATCHED_CANONICAL_NAME_POSITION
44,44,00-0034796,00-0034796,3916387,Lamar Jackson,lamarjackson,QB,BAL,BAL,false,espn-id,1.0,lamarjackson|QB,MATCHED_CANONICAL_NAME_POSITION
45,45,00-0040715,00-0040715,4696981,Cam Skattebo,camskattebo,RB,NYG,NYG,false,espn-id,1.0,camskattebo|RB,MATCHED_CANONICAL_NAME_POSITION
46,46,00-0036275,00-0036275,4259545,D'Andre Swift,dandreswift,RB,CHI,CHI,false,espn-id,1.0,dandreswift|RB,MATCHED_CANONICAL_NAME_POSITION
47,47,00-0040784,00-0040784,4685702,Quinshon Judkins,quinshonjudkins,RB,CLE,CLE,false,espn-id,1.0,quinshonjudkins|RB,MATCHED_CANONICAL_NAME_POSITION
48,48,00-0031381,00-0031381,16800,Davante Adams,davanteadams,WR,LAR,LAR,false,espn-id,1.0,davanteadams|WR,MATCHED_CANONICAL_NAME_POSITION
49,49,00-0039361,00-0039361,4596448,Bucky Irving,buckyirving,RB,TB,TB,false,espn-id,1.0,buckyirving|RB,MATCHED_CANONICAL_NAME_POSITION
50,50,00-0040128,00-0040128,4431459,Tyler Warren,tylerwarren,TE,IND,IND,false,espn-id,1.0,tylerwarren|TE,MATCHED_CANONICAL_NAME_POSITION
51,51,00-0035659,00-0035659,3121422,Terry McLaurin,terrymclaurin,WR,WAS,WAS,false,espn-id,1.0,terrymclaurin|WR,MATCHED_CANONICAL_NAME_POSITION
52,52,00-0040735,00-0040735,4685278,Luther Burden III,lutherburden,WR,CHI,CHI,false,espn-id,1.0,lutherburden|WR,MATCHED_CANONICAL_NAME_POSITION
53,53,00-0035685,00-0035685,4035538,David Montgomery,davidmontgomery,RB,HOU,HOU,false,espn-id,1.0,davidmontgomery|RB,MATCHED_CANONICAL_NAME_POSITION
54,54,00-0034827,00-0034827,3915416,DJ Moore,djmoore,WR,BUF,BUF,false,espn-id,1.0,djmoore|WR,MATCHED_CANONICAL_NAME_POSITION
55,55,00-0037240,00-0037240,4426388,Jameson Williams,jamesonwilliams,WR,DET,DET,false,espn-id,1.0,jamesonwilliams|WR,MATCHED_CANONICAL_NAME_POSITION
56,56,00-0039851,00-0039851,4431452,Drake Maye,drakemaye,QB,NE,NE,false,espn-id,1.0,drakemaye|QB,MATCHED_CANONICAL_NAME_POSITION
57,57,00-0040719,00-0040719,4882093,Bhayshul Tuten,bhayshultuten,RB,JAC,JAC,false,espn-id,1.0,bhayshultuten|RB,MATCHED_CANONICAL_NAME_POSITION
58,58,00-0039919,00-0039919,4431299,Rome Odunze,romeodunze,WR,CHI,CHI,false,espn-id,1.0,romeodunze|WR,MATCHED_CANONICAL_NAME_POSITION
59,59,00-0036442,00-0036442,3915511,Joe Burrow,joeburrow,QB,CIN,CIN,false,espn-id,1.0,joeburrow|QB,MATCHED_CANONICAL_NAME_POSITION
60,60,00-0039910,00-0039910,4426348,Jayden Daniels,jaydendaniels,QB,WAS,WAS,false,espn-id,1.0,jaydendaniels|QB,MATCHED_CANONICAL_NAME_POSITION
61,61,00-0040734,00-0040734,4432710,TreVeyon Henderson,treveyonhenderson,RB,NE,NE,false,espn-id,1.0,treveyonhenderson|RB,MATCHED_CANONICAL_NAME_POSITION
62,62,00-0031408,00-0031408,16737,Mike Evans,mikeevans,WR,SF,SF,false,espn-id,1.0,mikeevans|WR,MATCHED_CANONICAL_NAME_POSITION
63,63,00-0041512,00-0041512,4685512,Jadarian Price,jadarianprice,RB,SEA,SEA,false,espn-id,1.0,jadarianprice|RB,MATCHED_CANONICAL_NAME_POSITION
64,64,00-0036389,00-0036389,4040715,Jalen Hurts,jalenhurts,QB,PHI,PHI,false,espn-id,1.0,jalenhurts|QB,MATCHED_CANONICAL_NAME_POSITION
65,65,00-0038124,00-0038124,4248528,Christian Watson,christianwatson,WR,GB,GB,false,espn-id,1.0,christianwatson|WR,MATCHED_CANONICAL_NAME_POSITION
66,66,00-0041438,00-0041438,4871023,Carnell Tate,carnelltate,WR,TEN,TEN,false,espn-id,1.0,carnelltate|WR,MATCHED_CANONICAL_NAME_POSITION
67,67,00-0039849,00-0039849,4432708,Marvin Harrison Jr.,marvinharrison,WR,ARI,ARI,false,espn-id,1.0,marvinharrison|WR,MATCHED_CANONICAL_NAME_POSITION
68,68,00-0039065,00-0039065,4430027,Sam LaPorta,samlaporta,TE,DET,DET,false,espn-id,1.0,samlaporta|TE,MATCHED_CANONICAL_NAME_POSITION
69,69,00-0038606,00-0038606,4432620,Parker Washington,parkerwashington,WR,JAC,JAC,false,espn-id,1.0,parkerwashington|WR,MATCHED_CANONICAL_NAME_POSITION
70,70,00-0036875,00-0036875,4569173,Rhamondre Stevenson,rhamondrestevenson,RB,NE,NE,false,espn-id,1.0,rhamondrestevenson|RB,MATCHED_CANONICAL_NAME_POSITION
71,71,00-0040663,00-0040663,5083076,Harold Fannin Jr.,haroldfannin,TE,CLE,CLE,false,espn-id,1.0,haroldfannin|TE,MATCHED_CANONICAL_NAME_POSITION
72,72,00-0037228,00-0037228,4569987,Jaylen Warren,jaylenwarren,RB,PIT,PIT,false,espn-id,1.0,jaylenwarren|RB,MATCHED_CANONICAL_NAME_POSITION
73,73,00-0035640,00-0035640,4047650,DK Metcalf,dkmetcalf,WR,PIT,PIT,false,espn-id,1.0,dkmetcalf|WR,MATCHED_CANONICAL_NAME_POSITION
74,74,00-0036970,00-0036970,4360248,Kyle Pitts Sr.,kylepitts,TE,ATL,ATL,false,espn-id,1.0,kylepitts|TE,MATCHED_CANONICAL_NAME_POSITION
75,75,00-0033077,00-0033077,2577417,Dak Prescott,dakprescott,QB,DAL,DAL,false,espn-id,1.0,dakprescott|QB,MATCHED_CANONICAL_NAME_POSITION
76,76,00-0038996,00-0038996,4572680,Tucker Kraft,tuckerkraft,TE,GB,GB,false,espn-id,1.0,tuckerkraft|TE,MATCHED_CANONICAL_NAME_POSITION
77,77,00-0035261,00-0035261,3916148,Tony Pollard,tonypollard,RB,TEN,TEN,false,espn-id,1.0,tonypollard|RB,MATCHED_CANONICAL_NAME_POSITION
78,78,00-0039893,00-0039893,4432773,Brian Thomas Jr.,brianthomas,WR,JAC,JAC,false,espn-id,1.0,brianthomas|WR,MATCHED_CANONICAL_NAME_POSITION
79,79,00-0039918,00-0039918,4431611,Caleb Williams,calebwilliams,QB,CHI,CHI,false,espn-id,1.0,calebwilliams|QB,MATCHED_CANONICAL_NAME_POSITION
80,80,00-0036355,00-0036355,4038941,Justin Herbert,justinherbert,QB,LAC,LAC,false,espn-id,1.0,justinherbert|QB,MATCHED_CANONICAL_NAME_POSITION
81,81,00-0034348,00-0034348,3128429,Courtland Sutton,courtlandsutton,WR,DEN,DEN,false,espn-id,1.0,courtlandsutton|WR,MATCHED_CANONICAL_NAME_POSITION
82,82,00-0036139,00-0036139,4038815,Rico Dowdle,ricodowdle,RB,PIT,PIT,false,espn-id,1.0,ricodowdle|RB,MATCHED_CANONICAL_NAME_POSITION
83,83,00-0038559,00-0038559,4360761,Michael Wilson,michaelwilson,WR,ARI,ARI,false,espn-id,1.0,michaelwilson|WR,MATCHED_CANONICAL_NAME_POSITION
84,84,00-0036555,00-0036555,4241416,Chuba Hubbard,chubahubbard,RB,CAR,CAR,false,espn-id,1.0,chubahubbard|RB,MATCHED_CANONICAL_NAME_POSITION
85,85,00-0033288,00-0033288,3040151,George Kittle,georgekittle,TE,SF,SF,false,espn-id,1.0,georgekittle|TE,MATCHED_CANONICAL_NAME_POSITION
86,86,00-0036252,00-0036252,4035687,Michael Pittman Jr.,michaelpittman,WR,PIT,PIT,false,espn-id,1.0,michaelpittman|WR,MATCHED_CANONICAL_NAME_POSITION
87,87,00-0036971,00-0036971,4360310,Trevor Lawrence,trevorlawrence,QB,JAC,JAC,false,espn-id,1.0,trevorlawrence|QB,MATCHED_CANONICAL_NAME_POSITION
88,88,00-0039344,00-0039344,4678008,Jonathon Brooks,jonathonbrooks,RB,CAR,CAR,false,espn-id,1.0,jonathonbrooks|RB,MATCHED_CANONICAL_NAME_POSITION
89,89,00-0033921,00-0033921,3116165,Chris Godwin Jr.,chrisgodwin,WR,TB,TB,false,espn-id,1.0,chrisgodwin|WR,MATCHED_CANONICAL_NAME_POSITION
90,90,00-0040691,00-0040691,4689114,Jaxson Dart,jaxsondart,QB,NYG,NYG,false,espn-id,1.0,jaxsondart|QB,MATCHED_CANONICAL_NAME_POSITION
91,91,00-0036158,00-0036158,4241985,J.K. Dobbins,jkdobbins,RB,DEN,DEN,false,espn-id,1.0,jkdobbins|RB,MATCHED_CANONICAL_NAME_POSITION
92,92,00-0031588,00-0031588,2976212,Stefon Diggs,stefondiggs,WR,WAS,WAS,false,espn-id,1.0,stefondiggs|WR,MATCHED_CANONICAL_NAME_POSITION
93,93,00-0037664,00-0037664,4360078,Alec Pierce,alecpierce,WR,IND,IND,false,espn-id,1.0,alecpierce|WR,MATCHED_CANONICAL_NAME_POSITION
94,94,00-0040730,00-0040730,4568490,RJ Harvey,rjharvey,RB,DEN,DEN,false,espn-id,1.0,rjharvey|RB,MATCHED_CANONICAL_NAME_POSITION
95,95,00-0038994,00-0038994,4429205,Jordan Addison,jordanaddison,WR,MIN,MIN,false,espn-id,1.0,jordanaddison|WR,MATCHED_CANONICAL_NAME_POSITION
96,96,00-0038997,00-0038997,4688813,Josh Downs,joshdowns,WR,IND,IND,false,espn-id,1.0,joshdowns|WR,MATCHED_CANONICAL_NAME_POSITION
97,97,00-0039738,00-0039738,4429096,Blake Corum,blakecorum,RB,LAR,LAR,false,espn-id,1.0,blakecorum|RB,MATCHED_CANONICAL_NAME_POSITION
98,98,00-0036919,00-0036919,4371733,Kenneth Gainwell,kennethgainwell,RB,TB,TB,false,espn-id,1.0,kennygainwell|RB,MATCHED_CANONICAL_NAME_POSITION
99,99,00-0040236,00-0040236,4608686,Kyle Monangai,kylemonangai,RB,CHI,CHI,false,espn-id,1.0,kylemonangai|RB,MATCHED_CANONICAL_NAME_POSITION
100,100,00-0040867,00-0040867,4870795,Makai Lemon,makailemon,WR,PHI,PHI,false,espn-id,1.0,makailemon|WR,MATCHED_CANONICAL_NAME_POSITION
101,101,00-0038544,00-0038544,4429025,Quentin Johnston,quentinjohnston,WR,LAC,LAC,false,espn-id,1.0,quentinjohnston|WR,MATCHED_CANONICAL_NAME_POSITION
102,102,00-0040242,00-0040242,4575131,Jacory Croskey-Merritt,jacorycroskeymerritt,RB,WAS,WAS,false,espn-id,1.0,jacorycroskeymerritt|RB,MATCHED_CANONICAL_NAME_POSITION
103,103,00-0038117,00-0038117,4569587,Wan'Dale Robinson,wandalerobinson,WR,TEN,TEN,false,espn-id,1.0,wandalerobinson|WR,MATCHED_CANONICAL_NAME_POSITION
104,104,00-0037834,00-0037834,4361741,Brock Purdy,brockpurdy,QB,SF,SF,false,espn-id,1.0,brockpurdy|QB,MATCHED_CANONICAL_NAME_POSITION
105,105,00-0030506,00-0030506,15847,Travis Kelce,traviskelce,TE,KC,KC,false,espn-id,1.0,traviskelce|TE,MATCHED_CANONICAL_NAME_POSITION
106,106,00-0026498,00-0026498,12483,Matthew Stafford,matthewstafford,QB,LAR,LAR,false,espn-id,1.0,matthewstafford|QB,MATCHED_CANONICAL_NAME_POSITION
107,107,00-0038933,00-0038933,4385690,Dalton Kincaid,daltonkincaid,TE,BUF,BUF,false,espn-id,1.0,daltonkincaid|TE,MATCHED_CANONICAL_NAME_POSITION
108,108,00-0040667,00-0040667,4701936,Matthew Golden,matthewgolden,WR,GB,GB,false,espn-id,1.0,matthewgolden|WR,MATCHED_CANONICAL_NAME_POSITION
109,109,00-0034960,00-0034960,3916433,Jakobi Meyers,jakobimeyers,WR,JAC,JAC,false,espn-id,1.0,jakobimeyers|WR,MATCHED_CANONICAL_NAME_POSITION
110,110,00-0039146,00-0039146,4362249,Jayden Reed,jaydenreed,WR,GB,GB,false,espn-id,1.0,jaydenreed|WR,MATCHED_CANONICAL_NAME_POSITION
111,111,00-0037256,00-0037256,4697815,Rachaad White,rachaadwhite,RB,WAS,WAS,false,espn-id,1.0,rachaadwhite|RB,MATCHED_CANONICAL_NAME_POSITION
112,112,00-0033873,00-0033873,3139477,Patrick Mahomes II,patrickmahomes,QB,KC,KC,false,espn-id,1.0,patrickmahomes|QB,MATCHED_CANONICAL_NAME_POSITION
113,113,00-0039732,00-0039732,4426338,Bo Nix,bonix,QB,DEN,DEN,false,espn-id,1.0,bonix|QB,MATCHED_CANONICAL_NAME_POSITION
114,114,00-0033293,00-0033293,3042519,Aaron Jones Sr.,aaronjones,RB,MIN,MIN,false,espn-id,1.0,aaronjones|RB,MATCHED_CANONICAL_NAME_POSITION
115,115,00-0037838,00-0037838,4361050,Isaiah Likely,isaiahlikely,TE,NYG,NYG,false,espn-id,1.0,isaiahlikely|TE,MATCHED_CANONICAL_NAME_POSITION
116,116,00-0037525,00-0037525,4360569,Jordan Mason,jordanmason,RB,MIN,MIN,false,espn-id,1.0,jordanmason|RB,MATCHED_CANONICAL_NAME_POSITION
117,117,00-0034351,00-0034351,3121023,Dallas Goedert,dallasgoedert,TE,PHI,PHI,false,espn-id,1.0,dallasgoedert|TE,MATCHED_CANONICAL_NAME_POSITION
118,118,00-0041035,00-0041035,4710714,De'Zhaun Stribling,dezhaunstribling,WR,SF,SF,false,espn-id,1.0,dezhaunstribling|WR,MATCHED_CANONICAL_NAME_POSITION
119,119,00-0038041,00-0038041,4242355,Jake Ferguson,jakeferguson,TE,DAL,DAL,false,espn-id,1.0,jakeferguson|TE,MATCHED_CANONICAL_NAME_POSITION
120,120,00-0041547,00-0041547,4870653,KC Concepcion,kcconcepcion,WR,CLE,CLE,false,espn-id,1.0,kcconcepcion|WR,MATCHED_CANONICAL_NAME_POSITION
121,121,00-0039491,00-0039491,4695883,Jalen Coker,jalencoker,WR,CAR,CAR,false,espn-id,1.0,jalencoker|WR,MATCHED_CANONICAL_NAME_POSITION
122,122,00-0037816,00-0037816,4361432,Romeo Doubs,romeodoubs,WR,NE,NE,false,espn-id,1.0,romeodoubs|WR,MATCHED_CANONICAL_NAME_POSITION
123,123,00-0035228,00-0035228,3917315,Kyler Murray,kylermurray,QB,MIN,MIN,false,espn-id,1.0,kylermurray|QB,MATCHED_CANONICAL_NAME_POSITION
124,124,00-0033106,00-0033106,3046779,Jared Goff,jaredgoff,QB,DET,DET,false,espn-id,1.0,jaredgoff|QB,MATCHED_CANONICAL_NAME_POSITION
125,125,00-0034753,00-0034753,3116365,Mark Andrews,markandrews,TE,BAL,BAL,false,espn-id,1.0,markandrews|TE,MATCHED_CANONICAL_NAME_POSITION
126,126,00-0039894,00-0039894,4683062,Xavier Worthy,xavierworthy,WR,KC,KC,false,espn-id,1.0,xavierworthy|WR,MATCHED_CANONICAL_NAME_POSITION
127,127,00-0041029,00-0041029,4880281,Jordyn Tyson,jordyntyson,WR,NO,NO,false,espn-id,1.0,jordyntyson|WR,MATCHED_CANONICAL_NAME_POSITION
128,128,00-0038611,00-0038611,4362619,Chris Rodriguez Jr.,chrisrodriguez,RB,JAC,JAC,false,espn-id,1.0,chrisrodriguez|RB,MATCHED_CANONICAL_NAME_POSITION
129,129,00-0037261,00-0037261,4373678,Khalil Shakir,khalilshakir,WR,BUF,BUF,false,espn-id,1.0,khalilshakir|WR,MATCHED_CANONICAL_NAME_POSITION
130,130,00-0039032,00-0039032,4428557,Tyjae Spears,tyjaespears,RB,TEN,TEN,false,espn-id,1.0,tyjaespears|RB,MATCHED_CANONICAL_NAME_POSITION
131,131,00-0034855,00-0034855,3052587,Baker Mayfield,bakermayfield,QB,TB,TB,false,espn-id,1.0,bakermayfield|QB,MATCHED_CANONICAL_NAME_POSITION
132,132,00-0040718,00-0040718,4685415,Travis Hunter,travishunter,WR,JAC,JAC,false,espn-id,1.0,travishunter|WR,MATCHED_CANONICAL_NAME_POSITION
133,133,00-0035719,00-0035719,3126486,Deebo Samuel Sr.,deebosamuel,WR,SF,SF,false,espn-id,1.0,deebosamuel|WR,MATCHED_CANONICAL_NAME_POSITION
134,134,00-0040583,00-0040583,4429059,Woody Marks,woodymarks,RB,HOU,HOU,false,espn-id,1.0,woodymarks|RB,MATCHED_CANONICAL_NAME_POSITION
135,135,00-0039165,00-0039165,4426385,Zach Charbonnet,zachcharbonnet,RB,SEA,SEA,false,espn-id,1.0,zachcharbonnet|RB,MATCHED_CANONICAL_NAME_POSITION
136,136,00-0037263,00-0037263,4373626,Tyler Allgeier,tylerallgeier,RB,ARI,ARI,false,espn-id,1.0,tylerallgeier|RB,MATCHED_CANONICAL_NAME_POSITION
137,137,00-0036264,00-0036264,4036378,Jordan Love,jordanlove,QB,GB,GB,false,espn-id,1.0,jordanlove|QB,MATCHED_CANONICAL_NAME_POSITION
138,138,00-0040743,00-0040743,4360689,Tyler Shough,tylershough,QB,NO,NO,false,espn-id,1.0,tylershough|QB,MATCHED_CANONICAL_NAME_POSITION
139,139,00-0033090,00-0033090,3046439,Hunter Henry,hunterhenry,TE,NE,NE,false,espn-id,1.0,hunterhenry|TE,MATCHED_CANONICAL_NAME_POSITION
140,140,00-0038454,00-0038454,4596334,Keaton Mitchell,keatonmitchell,RB,LAC,LAC,false,espn-id,1.0,keatonmitchell|RB,MATCHED_CANONICAL_NAME_POSITION
141,141,00-0037545,00-0037545,4032473,Rashid Shaheed,rashidshaheed,WR,SEA,SEA,false,espn-id,1.0,rashidshaheed|WR,MATCHED_CANONICAL_NAME_POSITION
142,142,00-0036040,00-0036040,3929645,Juwan Johnson,juwanjohnson,TE,NO,NO,false,espn-id,1.0,juwanjohnson|TE,MATCHED_CANONICAL_NAME_POSITION
144,144,00-0041037,00-0041037,4832800,Denzel Boston,denzelboston,WR,CLE,CLE,false,espn-id,1.0,denzelboston|WR,MATCHED_CANONICAL_NAME_POSITION
145,145,WAS569019,WAS569019,4686658,Mike Washington,mikewashington,RB,LV,LV,false,espn-id,1.0,mikewashington|RB,MATCHED_CANONICAL_NAME_POSITION
146,146,00-0038935,00-0038935,4430539,Brenton Strange,brentonstrange,TE,JAC,JAC,false,espn-id,1.0,brentonstrange|TE,MATCHED_CANONICAL_NAME_POSITION
147,147,00-0041496,00-0041496,4702555,Jonah Coleman,jonahcoleman,RB,DEN,DEN,false,espn-id,1.0,jonahcoleman|RB,MATCHED_CANONICAL_NAME_POSITION
148,148,00-0038128,00-0038128,4242512,Malik Willis,malikwillis,QB,MIA,MIA,false,espn-id,1.0,malikwillis|QB,MATCHED_CANONICAL_NAME_POSITION
149,149,00-0039855,00-0039855,4430834,Jalen McMillan,jalenmcmillan,WR,TB,TB,false,espn-id,1.0,jalenmcmillan|WR,MATCHED_CANONICAL_NAME_POSITION
150,150,00-0038555,00-0038555,4429013,Tank Bigsby,tankbigsby,RB,PHI,PHI,false,espn-id,1.0,tankbigsby|RB,MATCHED_CANONICAL_NAME_POSITION
151,151,00-0039811,00-0039811,4429023,MarShawn Lloyd,marshawnlloyd,RB,GB,GB,false,espn-id,1.0,marshawnlloyd|RB,MATCHED_CANONICAL_NAME_POSITION
152,152,00-0037746,00-0037746,4241474,Brian Robinson Jr.,brianrobinson,RB,ATL,ATL,false,espn-id,1.0,brianrobinson|RB,MATCHED_CANONICAL_NAME_POSITION
153,153,00-0033906,00-0033906,3054850,Alvin Kamara,alvinkamara,RB,NO,NO,false,espn-id,1.0,alvinkamara|RB,MATCHED_CANONICAL_NAME_POSITION
154,154,00-0038563,00-0038563,4428718,Tre Tucker,tretucker,WR,LV,LV,false,espn-id,1.0,tretucker|WR,MATCHED_CANONICAL_NAME_POSITION
155,155,00-0035710,00-0035710,3917792,Daniel Jones,danieljones,QB,IND,IND,false,espn-id,1.0,danieljones|QB,MATCHED_CANONICAL_NAME_POSITION
156,156,00-0037197,00-0037197,4361529,Isiah Pacheco,isiahpacheco,RB,DET,DET,false,espn-id,1.0,isiahpacheco|RB,MATCHED_CANONICAL_NAME_POSITION
157,157,00-0040737,00-0040737,4570037,Terrance Ferguson,terranceferguson,TE,LAR,LAR,false,espn-id,1.0,terranceferguson|TE,MATCHED_CANONICAL_NAME_POSITION
158,158,00-0041523,00-0041523,4869645,Caleb Douglas,calebdouglas,WR,MIA,MIA,false,espn-id,1.0,calebdouglas|WR,MATCHED_CANONICAL_NAME_POSITION
159,159,00-0040162,00-0040162,5081397,Dylan Sampson,dylansampson,RB,CLE,CLE,false,espn-id,1.0,dylansampson|RB,MATCHED_CANONICAL_NAME_POSITION
160,160,00-0034869,00-0034869,3912547,Sam Darnold,samdarnold,QB,SEA,SEA,false,espn-id,1.0,samdarnold|QB,MATCHED_CANONICAL_NAME_POSITION
161,161,00-0035229,00-0035229,4036133,T.J. Hockenson,tjhockenson,TE,MIN,MIN,false,espn-id,1.0,tjhockenson|TE,MATCHED_CANONICAL_NAME_POSITION
162,162,00-0037291,00-0037291,4382466,Jalen Nailor,jalennailor,WR,LV,LV,false,espn-id,1.0,jalennailor|WR,MATCHED_CANONICAL_NAME_POSITION
163,163,00-0038393,00-0038393,4428850,Dontayvion Wicks,dontayvionwicks,WR,PHI,PHI,false,espn-id,1.0,dontayvionwicks|WR,MATCHED_CANONICAL_NAME_POSITION
164,164,00-0034383,00-0034383,3117256,Dalton Schultz,daltonschultz,TE,HOU,HOU,false,espn-id,1.0,daltonschultz|TE,MATCHED_CANONICAL_NAME_POSITION
165,165,00-0037809,00-0037809,4360635,Chig Okonkwo,chigokonkwo,TE,WAS,WAS,false,espn-id,1.0,chigokonkwo|TE,MATCHED_CANONICAL_NAME_POSITION
166,166,00-0039794,00-0039794,4685247,Braelon Allen,braelonallen,RB,NYJ,NYJ,false,espn-id,1.0,braelonallen|RB,MATCHED_CANONICAL_NAME_POSITION
167,167,00-0039424,00-0039424,4569559,Devaughn Vele,devaughnvele,WR,NO,NO,false,espn-id,1.0,devaughnvele|WR,MATCHED_CANONICAL_NAME_POSITION
168,168,00-0039890,00-0039890,4597500,Adonai Mitchell,adonaimitchell,WR,NYJ,NYJ,false,espn-id,1.0,adonaimitchell|WR,MATCHED_CANONICAL_NAME_POSITION
169,169,00-0039875,00-0039875,4429501,Ray Davis,raydavis,RB,BUF,BUF,false,espn-id,1.0,raydavis|RB,MATCHED_CANONICAL_NAME_POSITION
170,170,00-0039163,00-0039163,4432577,C.J. Stroud,cjstroud,QB,HOU,HOU,false,espn-id,1.0,cjstroud|QB,MATCHED_CANONICAL_NAME_POSITION
171,171,00-0036407,00-0036407,4241463,Jerry Jeudy,jerryjeudy,WR,CLE,CLE,false,espn-id,1.0,jerryjeudy|WR,MATCHED_CANONICAL_NAME_POSITION
172,172,00-0040138,00-0040138,4586312,Jaylin Noel,jaylinnoel,WR,HOU,HOU,false,espn-id,1.0,jaylinnoel|WR,MATCHED_CANONICAL_NAME_POSITION
173,173,00-0041032,00-0041032,5083315,Kenyon Sadiq,kenyonsadiq,TE,NYJ,NYJ,false,espn-id,1.0,kenyonsadiq|TE,MATCHED_CANONICAL_NAME_POSITION
174,174,00-0039793,00-0039793,4576297,AJ Barner,ajbarner,TE,SEA,SEA,false,espn-id,1.0,ajbarner|TE,MATCHED_CANONICAL_NAME_POSITION
175,175,00-0039410,00-0039410,5083754,Ryan Flournoy,ryanflournoy,WR,DAL,DAL,false,espn-id,1.0,ryanflournoy|WR,MATCHED_CANONICAL_NAME_POSITION
176,176,00-0040134,00-0040134,4600981,Pat Bryant,patbryant,WR,DEN,DEN,false,espn-id,1.0,patbryant|WR,MATCHED_CANONICAL_NAME_POSITION
177,177,00-0039150,00-0039150,4685720,Bryce Young,bryceyoung,QB,CAR,CAR,false,espn-id,1.0,bryceyoung|QB,MATCHED_CANONICAL_NAME_POSITION
178,178,00-0040870,00-0040870,4870847,Ja'Kobi Lane,jakobilane,WR,BAL,BAL,false,espn-id,1.0,jakobilane|WR,MATCHED_CANONICAL_NAME_POSITION
179,179,00-0040727,00-0040727,4686612,Tre' Harris,treharris,WR,LAC,LAC,false,espn-id,1.0,treharris|WR,MATCHED_CANONICAL_NAME_POSITION
180,180,00-0038608,00-0038608,4429022,Kayshon Boutte,kayshonboutte,WR,HOU,NE,true,espn-id,1.0,kayshonboutte|WR,MATCHED_CANONICAL_NAME_POSITION
181,181,00-0041052,00-0041052,4696044,Kaelon Black,kaelonblack,RB,SF,SF,false,espn-id,1.0,kaelonblack|RB,MATCHED_CANONICAL_NAME_POSITION
182,182,00-0040676,00-0040676,4688380,Cam Ward,camward,QB,TEN,TEN,false,espn-id,1.0,camward|QB,MATCHED_CANONICAL_NAME_POSITION
183,183,00-0036259,00-0036259,3886598,Jauan Jennings,jauanjennings,WR,MIN,MIN,false,espn-id,1.0,jauanjennings|WR,MATCHED_CANONICAL_NAME_POSITION
184,184,00-0041013,00-0041013,4832955,Emmett Johnson,emmettjohnson,RB,KC,KC,false,espn-id,1.0,emmettjohnson|RB,MATCHED_CANONICAL_NAME_POSITION
185,185,00-0037252,00-0037252,4367209,Greg Dulcich,gregdulcich,TE,MIA,MIA,false,espn-id,1.0,gregdulcich|TE,MATCHED_CANONICAL_NAME_POSITION
186,186,00-0036550,00-0036550,4360939,Rashod Bateman,rashodbateman,WR,BAL,BAL,false,espn-id,1.0,rashodbateman|WR,MATCHED_CANONICAL_NAME_POSITION
187,187,00-0039880,00-0039880,4569603,Malik Washington,malikwashington,WR,MIA,MIA,false,espn-id,1.0,malikwashington|WR,MATCHED_CANONICAL_NAME_POSITION
188,188,00-0041511,00-0041511,4723820,Omar Cooper,omarcooper,WR,NYJ,NYJ,false,espn-id,1.0,omarcooper|WR,MATCHED_CANONICAL_NAME_POSITION
189,189,00-0038977,00-0038977,4366031,Tank Dell,tankdell,WR,HOU,HOU,false,espn-id,1.0,tankdell|WR,MATCHED_CANONICAL_NAME_POSITION
190,190,,,,Jaydon Blue,jaydonblue,RB,DAL,DAL,false,unresolved,0.0,jaydonblue|RB,MATCHED_CANONICAL_NAME_POSITION
191,191,00-0040198,00-0040198,4711533,Ollie Gordon II,olliegordon,RB,MIA,MIA,false,espn-id,1.0,olliegordon|RB,MATCHED_CANONICAL_NAME_POSITION
192,192,00-0034837,00-0034837,3925357,Calvin Ridley,calvinridley,WR,TEN,TEN,false,espn-id,1.0,calvinridley|WR,MATCHED_CANONICAL_NAME_POSITION
193,193,00-0041044,00-0041044,4870612,Zachariah Branch,zachariahbranch,WR,ATL,ATL,false,espn-id,1.0,zachariahbranch|WR,MATCHED_CANONICAL_NAME_POSITION
194,194,00-0034975,00-0034975,4038441,Justice Hill,justicehill,RB,BAL,BAL,false,espn-id,1.0,justicehill|RB,MATCHED_CANONICAL_NAME_POSITION
195,195,00-0039384,00-0039384,4360516,Tyrone Tracy Jr.,tyronetracy,RB,NYG,NYG,false,espn-id,1.0,tyronetracy|RB,MATCHED_CANONICAL_NAME_POSITION
196,196,00-0040886,00-0040886,4685555,Nicholas Singleton,nicholassingleton,RB,TEN,TEN,false,espn-id,1.0,nicholassingleton|RB,MATCHED_CANONICAL_NAME_POSITION
197,197,00-0040584,00-0040584,4686728,Gunnar Helm,gunnarhelm,TE,TEN,TEN,false,espn-id,1.0,gunnarhelm|TE,MATCHED_CANONICAL_NAME_POSITION
198,198,00-0041525,00-0041525,4869961,Chris Bell,chrisbell,WR,MIA,MIA,false,espn-id,1.0,chrisbell|WR,MATCHED_CANONICAL_NAME_POSITION
199,199,00-0041096,00-0041096,4685246,Kaytron Allen,kaytronallen,RB,WAS,WAS,false,espn-id,1.0,kaytronallen|RB,MATCHED_CANONICAL_NAME_POSITION
200,200,00-0033119,00-0033119,2578570,Jacoby Brissett,jacobybrissett,QB,ARI,ARI,false,espn-id,1.0,jacobybrissett|QB,MATCHED_CANONICAL_NAME_POSITION
